pos,pos_id,pmt00001,pmt00002,pmt00003,pmt00004,pmt00005,pmt00006,pmt00007,pmt00008,pmt00009,pmt00010,pmt00011,pmt00012,pmt00013,pmt00014,pmt00015,pmt00016,pmt00017,pmt00018,pmt00019,pmt00020,pmt00021,pmt00022,pmt00023,pmt00024,pmt00025,pmt00026,pmt00027,pmt00028,pmt00029,pmt00030,pmt00031,pmt00032,pmt00033,pmt00034,pmt00035,pmt00036,pmt00037,pmt00038,pmt00039,pmt00040,pmt00041,pmt00042,pmt00043,pmt00044,pmt00045,pmt00046,pmt00047,pmt00048,pmt00049,pmt00050,pmt00051,pmt00052,pmt00053,pmt00054,pmt00055,pmt00056,pmt00057,pmt00058,pmt00059,pmt00060,pmt00061,pmt00062,pmt00063,pmt00064,pmt00065,pmt00066,pmt00067,pmt00068,pmt00069,pmt00070,pmt00071,pmt00072,pmt00073,pmt00074,pmt00075,pmt00076,pmt00077,pmt00078,pmt00079,pmt00080,pmt00081,pmt00082,pmt00083,pmt00084,pmt00085,pmt00086,pmt00087,pmt00088,pmt00089,pmt00090,pmt00091,pmt00092,pmt00093,pmt00094,pmt00095,pmt00096,pmt00097,pmt00098,pmt00099,pmt00100,det00001,det00002,det00003,det00004,det00005,det00006,det00007,det00008,det00009,det00010,det00011,det00012,det00013,det00014,det00015,det00016,det00017,det00018,det00019,det00020,det00021,det00022,det00023,det00024,det00025,det00026,det00027,det00028,det00029,det00030,det00031,det00032,det00033,det00034,det00035,det00036,det00037,det00038,det00039,det00040,det00041,det00042,det00043,det00044,det00045,det00046,det00047,det00048,det00049,det00050,det00051,det00052,det00053,det00054,det00055,det00056,det00057,det00058,det00059,det00060,det00061,det00062,det00063,det00064,det00065,det00066,det00067,det00068,det00069,det00070,det00071,det00072,det00073,det00074,det00075,det00076,det00077,det00078,det00079,det00080,det00081,det00082,det00083,det00084,det00085,det00086,det00087,det00088,det00089,det00090,det00091,det00092,det00093,det00094,det00095,det00096,det00097,det00098,det00099,det00100,pmt_avg,pmt_stdev,det_avg,det_stdev
73.5,24.0,-5.5629396e-06,-5.546741399999999e-06,-5.5729354e-06,-5.5529528e-06,-5.5727874e-06,-5.5696136e-06,-5.5596858000000005e-06,-5.5530518e-06,-5.5496612e-06,-5.535060199999999e-06,-5.5817622e-06,-5.5495546e-06,-5.572467e-06,-5.496321199999999e-06,-5.5134286e-06,-5.5306586e-06,-5.541966e-06,-5.540483000000001e-06,-5.5551168e-06,-5.5571099999999996e-06,-5.5571162e-06,-5.5553032e-06,-5.5606562e-06,-5.5698168e-06,-5.561729e-06,-5.5604634e-06,-5.5325214000000005e-06,-5.5489674e-06,-5.5427989999999994e-06,-5.548190799999999e-06,-5.555213800000001e-06,-5.5473528e-06,-5.5466504e-06,-5.5550336e-06,-5.5412474e-06,-5.539551600000001e-06,-5.5652488e-06,-5.550189e-06,-5.5265004e-06,-5.534341799999999e-06,-5.5410022e-06,-5.5402058e-06,-5.548994e-06,-5.555526200000001e-06,-5.559327999999999e-06,-5.5249846000000005e-06,-5.5293102e-06,-5.5434534e-06,-5.5616606e-06,-5.568552999999999e-06,-5.4945624e-06,-5.5470174e-06,-5.5211296e-06,-5.557030600000001e-06,-5.5289656e-06,-5.5299354e-06,-5.5307216e-06,-5.5440776e-06,-5.5420836000000005e-06,-5.5302762e-06,-5.5421982e-06,-5.5570318000000005e-06,-5.555668e-06,-5.548871599999999e-06,-5.5211556e-06,-5.5384774e-06,-5.5501462e-06,-5.549675200000001e-06,-5.5540294000000004e-06,-5.5505888e-06,-5.5518046000000005e-06,-5.547463e-06,-5.556453999999999e-06,-5.5529922000000005e-06,-5.5447604e-06,-5.537526600000001e-06,-5.5364742e-06,-5.5278544e-06,-5.5228266e-06,-5.5364396000000006e-06,-5.5275306e-06,-5.5298196e-06,-5.508645799999999e-06,-5.500238e-06,-5.4991404000000004e-06,-5.502334800000001e-06,-5.504477999999999e-06,-5.4995949999999995e-06,-5.518886600000001e-06,-5.5045038e-06,-5.5215672e-06,-5.5213682e-06,-5.512183e-06,-5.518582200000001e-06,-5.509177200000001e-06,-5.5122454e-06,-5.5280428000000005e-06,-5.527685e-06,-5.5329252e-06,-5.5273503999999994e-06,7.4455999999999995e-06,7.445200000000001e-06,7.4432e-06,7.447e-06,7.446599999999999e-06,7.445000000000001e-06,7.445200000000001e-06,7.446e-06,7.446e-06,7.4455999999999995e-06,7.4455999999999995e-06,7.4464e-06,7.447e-06,7.449e-06,7.4486e-06,7.448800000000001e-06,7.4480000000000005e-06,7.4486e-06,7.447e-06,7.449e-06,7.4486e-06,7.449600000000001e-06,7.45e-06,7.449200000000001e-06,7.4480000000000005e-06,7.448400000000001e-06,7.4486e-06,7.449400000000001e-06,7.449e-06,7.4496e-06,7.4486e-06,7.4506e-06,7.4506e-06,7.452000000000001e-06,7.451000000000001e-06,7.450800000000001e-06,7.451000000000001e-06,7.45e-06,7.451000000000001e-06,7.4506e-06,7.4506e-06,7.45e-06,7.45e-06,7.451000000000001e-06,7.452000000000001e-06,7.452600000000001e-06,7.4538e-06,7.451200000000002e-06,7.453599999999999e-06,7.451400000000001e-06,7.4528e-06,7.452000000000001e-06,7.4530000000000005e-06,7.453199999999999e-06,7.452000000000001e-06,7.4516e-06,7.4530000000000005e-06,7.4528e-06,7.454e-06,7.454600000000001e-06,7.4530000000000005e-06,7.4532e-06,7.4528e-06,7.4528e-06,7.453599999999999e-06,7.452200000000001e-06,7.4538e-06,7.454e-06,7.4542e-06,7.454600000000001e-06,7.4530000000000005e-06,7.454e-06,7.454800000000001e-06,7.4544e-06,7.4544e-06,7.455000000000001e-06,7.454800000000001e-06,7.4542e-06,7.455000000000001e-06,7.455000000000001e-06,7.455000000000001e-06,7.455000000000001e-06,7.454e-06,7.456e-06,7.453599999999999e-06,7.4542e-06,7.455000000000001e-06,7.4554000000000015e-06,7.456200000000001e-06,7.4567999999999995e-06,7.455600000000001e-06,7.454800000000001e-06,7.455200000000001e-06,7.4538e-06,7.455000000000001e-06,7.455000000000001e-06,7.454e-06,7.4558000000000015e-06,7.455200000000001e-06,7.456e-06,-5.540007452000002e-06,1.954331081793877e-08,7.451555999999998e-06,3.2420943474205358e-09
70.4375,23.0,-5.7355332000000006e-06,-5.7288859999999995e-06,-5.7487658e-06,-5.7213012e-06,-5.748717800000001e-06,-5.7421838e-06,-5.7364952e-06,-5.723592e-06,-5.7217490000000005e-06,-5.7188756e-06,-5.7561142000000005e-06,-5.715150000000001e-06,-5.743662999999999e-06,-5.670319e-06,-5.684610800000001e-06,-5.7132122e-06,-5.711842e-06,-5.712571e-06,-5.7281254e-06,-5.7233666e-06,-5.7266692e-06,-5.7211368e-06,-5.7284862e-06,-5.7399302e-06,-5.7353518e-06,-5.726810999999999e-06,-5.7063479999999995e-06,-5.7141398000000004e-06,-5.7123156e-06,-5.7148482e-06,-5.722944800000001e-06,-5.7118014e-06,-5.712605800000001e-06,-5.7176326e-06,-5.7046304e-06,-5.705299000000001e-06,-5.7292632e-06,-5.7164969999999995e-06,-5.6917522e-06,-5.7001402e-06,-5.70711e-06,-5.7047762e-06,-5.7175304e-06,-5.7198012e-06,-5.724444600000001e-06,-5.707170000000001e-06,-5.6964788e-06,-5.708010399999999e-06,-5.729266999999999e-06,-5.7366312e-06,-5.6571118e-06,-5.716183e-06,-5.691177399999999e-06,-5.724231e-06,-5.6960796e-06,-5.694176999999999e-06,-5.6961430000000005e-06,-5.723573200000001e-06,-5.7070922000000005e-06,-5.696534e-06,-5.7073426e-06,-5.7198187999999994e-06,-5.719267e-06,-5.7200396e-06,-5.689699e-06,-5.7053836e-06,-5.7151538e-06,-5.716767e-06,-5.7169548e-06,-5.712637599999999e-06,-5.7184120000000005e-06,-5.7151972e-06,-5.721766199999999e-06,-5.7192936e-06,-5.7126651999999995e-06,-5.7023586e-06,-5.7025954e-06,-5.6986196e-06,-5.695537999999999e-06,-5.706504e-06,-5.6955902e-06,-5.6994326000000005e-06,-5.6762054e-06,-5.6650992e-06,-5.6612752e-06,-5.6696464000000005e-06,-5.6668476e-06,-5.666172e-06,-5.6832394e-06,-5.6686676e-06,-5.6888216e-06,-5.6841492e-06,-5.6811844e-06,-5.6849164e-06,-5.6810838e-06,-5.6767296e-06,-5.6943492e-06,-5.693649000000001e-06,-5.698525e-06,-5.6938368e-06,7.445000000000001e-06,7.4455999999999995e-06,7.4442000000000015e-06,7.447e-06,7.4468e-06,7.446599999999999e-06,7.445200000000001e-06,7.446e-06,7.445000000000001e-06,7.4454e-06,7.4468e-06,7.4464e-06,7.447e-06,7.4480000000000005e-06,7.449e-06,7.448199999999999e-06,7.449e-06,7.447800000000001e-06,7.4480000000000005e-06,7.449e-06,7.4486e-06,7.449e-06,7.4506e-06,7.4498e-06,7.449e-06,7.448800000000001e-06,7.4484e-06,7.449e-06,7.449e-06,7.45e-06,7.45e-06,7.449e-06,7.452000000000001e-06,7.451200000000002e-06,7.4506e-06,7.451000000000001e-06,7.451400000000001e-06,7.451200000000002e-06,7.451000000000001e-06,7.4516e-06,7.451000000000001e-06,7.450800000000001e-06,7.451000000000001e-06,7.452000000000001e-06,7.452600000000001e-06,7.4530000000000005e-06,7.4534e-06,7.451400000000001e-06,7.4528e-06,7.452000000000001e-06,7.452200000000001e-06,7.453599999999999e-06,7.4530000000000005e-06,7.4526e-06,7.452000000000001e-06,7.451000000000001e-06,7.4528e-06,7.4530000000000005e-06,7.453199999999999e-06,7.455000000000001e-06,7.4530000000000005e-06,7.452000000000001e-06,7.4534e-06,7.4530000000000005e-06,7.452600000000001e-06,7.4528e-06,7.4532e-06,7.4542e-06,7.454e-06,7.454600000000001e-06,7.454e-06,7.454e-06,7.454800000000001e-06,7.454e-06,7.454600000000001e-06,7.455000000000001e-06,7.4544e-06,7.4544e-06,7.455200000000001e-06,7.455600000000001e-06,7.455000000000001e-06,7.455000000000001e-06,7.455000000000001e-06,7.4554000000000015e-06,7.454e-06,7.455000000000001e-06,7.4542e-06,7.456e-06,7.456e-06,7.456400000000001e-06,7.455000000000001e-06,7.455000000000001e-06,7.454e-06,7.454600000000001e-06,7.455e-06,7.455000000000001e-06,7.4538e-06,7.456e-06,7.456e-06,7.455000000000001e-06,-5.708226334000001e-06,2.073939718031537e-08,7.451657999999997e-06,3.1555364204855073e-09
67.375,22.0,-5.868421199999999e-06,-5.861707399999999e-06,-5.8799636e-06,-5.8567524e-06,-5.879823399999999e-06,-5.8765832e-06,-5.8678094e-06,-5.8549538e-06,-5.8601287999999995e-06,-5.8501112e-06,-5.890602400000001e-06,-5.8544294e-06,-5.8793664e-06,-5.801627400000001e-06,-5.8142999999999995e-06,-5.8496228e-06,-5.845408e-06,-5.8489744e-06,-5.8625824e-06,-5.857582600000001e-06,-5.859736600000001e-06,-5.8575686e-06,-5.8638422e-06,-5.874143e-06,-5.867071e-06,-5.860986199999999e-06,-5.8473758e-06,-5.8503596e-06,-5.8522244e-06,-5.8493539999999994e-06,-5.8584951999999994e-06,-5.8477594e-06,-5.8448682e-06,-5.8515546000000005e-06,-5.8394992e-06,-5.8390716e-06,-5.8655626e-06,-5.8510948e-06,-5.8244328e-06,-5.831940000000001e-06,-5.841826000000001e-06,-5.838846999999999e-06,-5.852646799999999e-06,-5.853804000000001e-06,-5.859896799999999e-06,-5.852406e-06,-5.829139e-06,-5.839296199999999e-06,-5.863298000000001e-06,-5.869956199999999e-06,-5.7929774000000005e-06,-5.855458399999999e-06,-5.8248648e-06,-5.858763399999999e-06,-5.829176e-06,-5.828478e-06,-5.835579e-06,-5.8580084000000005e-06,-5.841937e-06,-5.8284773999999995e-06,-5.8419058e-06,-5.8544124e-06,-5.8528742e-06,-5.8556474e-06,-5.8220206e-06,-5.8421933999999995e-06,-5.8421694000000005e-06,-5.8477967999999996e-06,-5.851434400000001e-06,-5.8470026e-06,-5.8493798e-06,-5.8510086e-06,-5.8535352e-06,-5.855185399999999e-06,-5.8476214e-06,-5.83362e-06,-5.8342406e-06,-5.8306468e-06,-5.8234355999999996e-06,-5.8387489999999996e-06,-5.8302854e-06,-5.8327236e-06,-5.8091518e-06,-5.795934400000001e-06,-5.7944105999999994e-06,-5.8010054e-06,-5.7991882e-06,-5.798429599999999e-06,-5.8158424e-06,-5.802279e-06,-5.8187684e-06,-5.815702799999999e-06,-5.815719800000001e-06,-5.8161273999999995e-06,-5.8122369999999996e-06,-5.809769e-06,-5.829199e-06,-5.828014e-06,-5.8315264e-06,-5.8266628e-06,7.446e-06,7.446199999999999e-06,7.4442000000000015e-06,7.446e-06,7.4458e-06,7.4454e-06,7.445400000000001e-06,7.446e-06,7.4464e-06,7.446e-06,7.446600000000001e-06,7.447e-06,7.4474e-06,7.4486e-06,7.4484e-06,7.448800000000001e-06,7.449e-06,7.449600000000001e-06,7.4484e-06,7.448800000000001e-06,7.448800000000001e-06,7.45e-06,7.45e-06,7.4502e-06,7.4480000000000005e-06,7.449200000000001e-06,7.4480000000000005e-06,7.448400000000001e-06,7.45e-06,7.450400000000001e-06,7.45e-06,7.448199999999999e-06,7.450800000000001e-06,7.4512e-06,7.451000000000001e-06,7.451000000000001e-06,7.451200000000002e-06,7.451200000000002e-06,7.4518e-06,7.450800000000001e-06,7.452000000000001e-06,7.452000000000001e-06,7.451000000000001e-06,7.452000000000001e-06,7.451000000000001e-06,7.4530000000000005e-06,7.4530000000000005e-06,7.452000000000001e-06,7.4530000000000005e-06,7.452200000000001e-06,7.4528e-06,7.453599999999999e-06,7.4530000000000005e-06,7.452400000000001e-06,7.452000000000001e-06,7.451000000000001e-06,7.4530000000000005e-06,7.454e-06,7.4530000000000005e-06,7.453599999999999e-06,7.4532e-06,7.4528e-06,7.4530000000000005e-06,7.4538e-06,7.452600000000001e-06,7.4530000000000005e-06,7.4538e-06,7.4530000000000005e-06,7.454e-06,7.453599999999999e-06,7.455000000000001e-06,7.4544e-06,7.455000000000001e-06,7.454e-06,7.4554000000000015e-06,7.4554000000000015e-06,7.4544e-06,7.455000000000001e-06,7.455000000000001e-06,7.456e-06,7.455200000000001e-06,7.455000000000001e-06,7.455000000000001e-06,7.455000000000001e-06,7.454e-06,7.454800000000001e-06,7.454e-06,7.4556e-06,7.456e-06,7.4554000000000015e-06,7.4544e-06,7.4534e-06,7.4542e-06,7.455000000000001e-06,7.455000000000001e-06,7.4544e-06,7.455000000000001e-06,7.455800000000001e-06,7.456e-06,7.456e-06,-5.842103822000002e-06,2.1376441198115273e-08,7.4517139999999925e-06,3.1055837623626823e-09
64.3125,21.0,-6.024166600000001e-06,-6.0211e-06,-6.0403268e-06,-6.0151538e-06,-5.8801034e-06,-6.032997999999999e-06,-6.031569400000001e-06,-6.0141896e-06,-6.01784e-06,-6.0088186e-06,-6.0456006e-06,-6.011167799999999e-06,-6.0383148e-06,-5.955722799999999e-06,-5.969889e-06,-6.0108441999999995e-06,-5.9994714e-06,-6.0005778e-06,-6.020157400000001e-06,-6.0152724e-06,-6.0192841999999996e-06,-6.0163786e-06,-6.0218169999999995e-06,-6.0321356e-06,-6.0265462000000005e-06,-6.0186012e-06,-6.0110256e-06,-6.007094799999999e-06,-6.0060412e-06,-6.0057270000000005e-06,-6.0146411999999995e-06,-6.0065424e-06,-6.0018184e-06,-6.0094316e-06,-5.994587600000001e-06,-5.994381199999999e-06,-6.017861e-06,-6.004055200000001e-06,-5.979004e-06,-5.9888526e-06,-5.98781e-06,-5.9951402000000006e-06,-6.0078666000000005e-06,-6.009455e-06,-6.0132762e-06,-6.004724200000001e-06,-5.9859376e-06,-5.9967002e-06,-6.016869e-06,-6.0212946e-06,-5.947334199999999e-06,-6.0115828000000005e-06,-5.981091e-06,-6.0141614e-06,-5.9887818e-06,-5.9837682e-06,-5.9930778e-06,-6.0132652000000005e-06,-5.9988536e-06,-5.9823258e-06,-5.998746799999999e-06,-6.0122622e-06,-6.0102754e-06,-6.0092946e-06,-5.9785184e-06,-6.001034e-06,-5.998928199999999e-06,-6.0045075999999995e-06,-6.002758799999999e-06,-6.0042568e-06,-6.0070198e-06,-6.0025404e-06,-6.011643600000001e-06,-6.008027399999999e-06,-6.000767e-06,-5.989658e-06,-5.9870865999999995e-06,-5.9939244e-06,-5.9844902e-06,-5.9935792000000005e-06,-5.9834884e-06,-5.988897399999999e-06,-5.962589400000001e-06,-5.951064e-06,-5.948148e-06,-5.9558682e-06,-5.9533214e-06,-5.9524748e-06,-5.971434799999999e-06,-5.9565836e-06,-5.9731000000000005e-06,-5.971577000000001e-06,-5.972831200000001e-06,-5.9730778e-06,-5.969993800000001e-06,-5.9667252e-06,-5.9852116e-06,-5.9822202000000005e-06,-5.9867634e-06,-5.982256e-06,7.445000000000001e-06,7.446200000000001e-06,7.4448e-06,7.446599999999999e-06,7.446e-06,7.4455999999999995e-06,7.446200000000001e-06,7.446e-06,7.446e-06,7.445000000000001e-06,7.446e-06,7.447e-06,7.448200000000001e-06,7.4480000000000005e-06,7.4480000000000005e-06,7.449e-06,7.4480000000000005e-06,7.449e-06,7.4486e-06,7.448800000000001e-06,7.45e-06,7.4496e-06,7.45e-06,7.449200000000001e-06,7.447800000000001e-06,7.449e-06,7.4486e-06,7.4496e-06,7.4486e-06,7.45e-06,7.45e-06,7.449e-06,7.450800000000001e-06,7.4514e-06,7.45e-06,7.451000000000001e-06,7.4512e-06,7.4506e-06,7.4506e-06,7.451400000000001e-06,7.451000000000001e-06,7.4512e-06,7.451000000000001e-06,7.451400000000001e-06,7.4506e-06,7.452400000000001e-06,7.4528e-06,7.451000000000001e-06,7.4530000000000005e-06,7.4530000000000005e-06,7.452000000000001e-06,7.4534e-06,7.4530000000000005e-06,7.4530000000000005e-06,7.452400000000001e-06,7.451000000000001e-06,7.452000000000001e-06,7.4542e-06,7.4530000000000005e-06,7.4530000000000005e-06,7.453599999999999e-06,7.453199999999999e-06,7.452600000000001e-06,7.4530000000000005e-06,7.4530000000000005e-06,7.453599999999999e-06,7.453599999999999e-06,7.453599999999999e-06,7.4530000000000005e-06,7.4544e-06,7.455000000000001e-06,7.455000000000001e-06,7.455000000000001e-06,7.4538e-06,7.454600000000001e-06,7.456e-06,7.454e-06,7.455000000000001e-06,7.455000000000001e-06,7.455200000000001e-06,7.455000000000001e-06,7.455000000000001e-06,7.4542e-06,7.4542e-06,7.4544e-06,7.455000000000001e-06,7.455000000000001e-06,7.454600000000001e-06,7.456e-06,7.455800000000001e-06,7.4542e-06,7.454600000000001e-06,7.454e-06,7.455600000000001e-06,7.456e-06,7.4542e-06,7.455000000000001e-06,7.455000000000001e-06,7.456e-06,7.455200000000001e-06,-5.996693720000004e-06,2.4711350887027935e-08,7.451619999999996e-06,3.1122436611005685e-09
61.25,20.0,-6.1520608e-06,-6.1513998e-06,-6.1635634e-06,-6.139241600000001e-06,-6.0367106e-06,-6.1547776e-06,-6.1494382e-06,-6.1336842000000005e-06,-6.144106200000001e-06,-6.127978800000001e-06,-6.1611476e-06,-6.1328198e-06,-6.157122200000001e-06,-6.075848e-06,-6.090190799999999e-06,-6.1325736e-06,-6.1249320000000005e-06,-6.126133000000001e-06,-6.142667800000001e-06,-6.1417158000000006e-06,-6.1436856e-06,-6.135572400000001e-06,-6.1444332e-06,-6.1523795999999994e-06,-6.1470184000000004e-06,-6.1368048e-06,-6.134795599999999e-06,-6.1231474e-06,-6.127317799999999e-06,-6.1204446e-06,-6.1345618e-06,-6.1235188e-06,-6.1202474e-06,-6.123658e-06,-6.112962999999999e-06,-6.0986835999999995e-06,-6.134344599999999e-06,-6.1156182e-06,-6.0935946e-06,-6.0929474e-06,-6.0997904e-06,-6.0960524e-06,-6.1196992e-06,-6.118302e-06,-6.1206362e-06,-6.12572e-06,-6.098414999999999e-06,-6.1182058e-06,-6.132193600000001e-06,-6.1340534e-06,-6.0729796e-06,-6.1408881999999995e-06,-6.1048514e-06,-6.1344581999999994e-06,-6.1106921999999994e-06,-6.108566599999999e-06,-6.113384199999999e-06,-6.139916e-06,-6.1170148e-06,-6.1018016000000005e-06,-6.1158556e-06,-6.1325051999999995e-06,-6.129827e-06,-6.131579999999999e-06,-6.0989067999999994e-06,-6.1233852e-06,-6.1203825999999994e-06,-6.1289998e-06,-6.124516e-06,-6.1269617999999994e-06,-6.126832600000001e-06,-6.1255789999999995e-06,-6.131233000000001e-06,-6.1302228e-06,-6.120379000000001e-06,-6.111118000000001e-06,-6.108764e-06,-6.113169800000001e-06,-6.0978268e-06,-6.1130156000000004e-06,-6.102717799999999e-06,-6.111553000000001e-06,-6.0812246e-06,-6.0708932e-06,-6.066969000000001e-06,-6.074886e-06,-6.072479200000001e-06,-6.0725364e-06,-6.0939546e-06,-6.0765748e-06,-6.09179e-06,-6.0946814e-06,-6.089559599999999e-06,-6.089282e-06,-6.0889375999999994e-06,-6.0873586e-06,-6.0988047999999996e-06,-6.1031998e-06,-6.1081862e-06,-6.0997726e-06,7.445000000000001e-06,7.4458e-06,7.4442000000000015e-06,7.445000000000001e-06,7.446e-06,7.444000000000001e-06,7.4442000000000015e-06,7.446e-06,7.446e-06,7.445000000000001e-06,7.447e-06,7.447e-06,7.447e-06,7.448400000000001e-06,7.4472e-06,7.448800000000001e-06,7.449e-06,7.449e-06,7.448200000000001e-06,7.45e-06,7.449e-06,7.448200000000001e-06,7.449200000000001e-06,7.4496e-06,7.4480000000000005e-06,7.449400000000001e-06,7.4484e-06,7.449400000000001e-06,7.4484e-06,7.449e-06,7.45e-06,7.45e-06,7.45e-06,7.4512e-06,7.4506e-06,7.451000000000001e-06,7.451000000000001e-06,7.4506e-06,7.451000000000001e-06,7.452000000000001e-06,7.4502e-06,7.4506e-06,7.451400000000001e-06,7.4528e-06,7.452000000000001e-06,7.4528e-06,7.4528e-06,7.451400000000001e-06,7.4530000000000005e-06,7.452600000000001e-06,7.452200000000001e-06,7.453599999999999e-06,7.454e-06,7.4528e-06,7.452200000000001e-06,7.452000000000001e-06,7.452600000000001e-06,7.453199999999999e-06,7.4528e-06,7.4532e-06,7.4530000000000005e-06,7.452999999999999e-06,7.452600000000001e-06,7.4528e-06,7.4530000000000005e-06,7.454e-06,7.4530000000000005e-06,7.454e-06,7.4538e-06,7.455000000000001e-06,7.4544e-06,7.455000000000001e-06,7.455000000000001e-06,7.4542e-06,7.455000000000001e-06,7.456e-06,7.455000000000001e-06,7.4538e-06,7.454600000000001e-06,7.4554000000000015e-06,7.455000000000001e-06,7.454e-06,7.454600000000001e-06,7.454e-06,7.454600000000001e-06,7.455000000000001e-06,7.454e-06,7.4554000000000015e-06,7.456e-06,7.455000000000001e-06,7.455000000000001e-06,7.455000000000001e-06,7.4530000000000005e-06,7.4542e-06,7.456400000000001e-06,7.454e-06,7.454800000000001e-06,7.455600000000001e-06,7.457400000000001e-06,7.4558000000000015e-06,-6.116478912e-06,2.4028536392311235e-08,7.451583999999998e-06,3.275212075792057e-09
58.1875,19.0,-6.2909932e-06,-6.3113428e-06,-6.301620799999999e-06,-6.276974999999999e-06,-6.160737599999999e-06,-6.291577599999999e-06,-6.2867498e-06,-6.269489e-06,-6.271645400000001e-06,-6.2618642e-06,-6.2961206e-06,-6.2789528e-06,-6.289678400000001e-06,-6.2070704e-06,-6.2222709999999995e-06,-6.2619964e-06,-6.254572e-06,-6.258054799999999e-06,-6.271784600000001e-06,-6.2668978e-06,-6.2719916e-06,-6.2650707999999995e-06,-6.2762510000000005e-06,-6.2823788e-06,-6.278233999999999e-06,-6.2704644e-06,-6.2669468e-06,-6.254070600000001e-06,-6.2618394e-06,-6.256389599999999e-06,-6.2711462000000016e-06,-6.2582166000000006e-06,-6.2555559999999995e-06,-6.257923600000001e-06,-6.2456145999999996e-06,-6.242596999999999e-06,-6.2729008e-06,-6.256299199999999e-06,-6.2313658e-06,-6.2322707999999996e-06,-6.2413204e-06,-6.2379982e-06,-6.263484999999999e-06,-6.261981400000001e-06,-6.261533200000001e-06,-6.2662318e-06,-6.246401600000001e-06,-6.2500964e-06,-6.267454800000001e-06,-6.272681800000001e-06,-6.2138324e-06,-6.269835800000001e-06,-6.235017000000001e-06,-6.2693914e-06,-6.2419488e-06,-6.2384235999999995e-06,-6.2418478e-06,-6.273794200000001e-06,-6.2495522000000005e-06,-6.236929999999999e-06,-6.248495000000001e-06,-6.262065199999999e-06,-6.259459e-06,-6.2665728e-06,-6.229372e-06,-6.2631608e-06,-6.2579327999999985e-06,-6.258995e-06,-6.2562116e-06,-6.260178999999999e-06,-6.2568105999999995e-06,-6.260366599999999e-06,-6.262317200000001e-06,-6.2653228000000005e-06,-6.254099799999999e-06,-6.2466896e-06,-6.2412728e-06,-6.2412298e-06,-6.2300196e-06,-6.245473800000001e-06,-6.2331378e-06,-6.2419616e-06,-6.2106636e-06,-6.2025434e-06,-6.1968794e-06,-6.2077619999999995e-06,-6.2022562e-06,-6.204702e-06,-6.2249234e-06,-6.211372599999999e-06,-6.2235818e-06,-6.225894400000001e-06,-6.219754e-06,-6.2234088e-06,-6.220844200000001e-06,-6.2182034000000005e-06,-6.2287485999999994e-06,-6.2372422e-06,-6.236828e-06,-6.2291202e-06,7.445400000000001e-06,7.4455999999999995e-06,7.445000000000001e-06,7.445200000000001e-06,7.446e-06,7.4442000000000015e-06,7.4458e-06,7.447e-06,7.445200000000001e-06,7.4455999999999995e-06,7.446199999999999e-06,7.4464e-06,7.446200000000001e-06,7.4486e-06,7.4480000000000005e-06,7.449e-06,7.449200000000001e-06,7.4486e-06,7.4480000000000005e-06,7.449200000000001e-06,7.448400000000001e-06,7.448200000000001e-06,7.45e-06,7.449e-06,7.4480000000000005e-06,7.448800000000001e-06,7.4480000000000005e-06,7.448800000000001e-06,7.4480000000000005e-06,7.449e-06,7.450800000000001e-06,7.449e-06,7.451000000000001e-06,7.452000000000001e-06,7.45e-06,7.451000000000001e-06,7.451000000000001e-06,7.450800000000001e-06,7.452000000000001e-06,7.4516e-06,7.451400000000001e-06,7.450799999999999e-06,7.451200000000002e-06,7.4512e-06,7.4514e-06,7.4526e-06,7.453199999999999e-06,7.452000000000001e-06,7.454e-06,7.453599999999999e-06,7.452800000000002e-06,7.4532e-06,7.453599999999999e-06,7.4530000000000005e-06,7.452000000000001e-06,7.452000000000001e-06,7.452000000000001e-06,7.453199999999999e-06,7.452000000000001e-06,7.4542e-06,7.4530000000000005e-06,7.4530000000000005e-06,7.4538e-06,7.4528e-06,7.4538e-06,7.4532e-06,7.454e-06,7.454e-06,7.453199999999999e-06,7.453600000000001e-06,7.453599999999999e-06,7.455000000000001e-06,7.454800000000001e-06,7.454600000000001e-06,7.455000000000001e-06,7.4544e-06,7.455000000000001e-06,7.455000000000001e-06,7.455000000000001e-06,7.456e-06,7.455000000000001e-06,7.4530000000000005e-06,7.4544e-06,7.4534000000000005e-06,7.454e-06,7.455000000000001e-06,7.4530000000000005e-06,7.455200000000001e-06,7.456e-06,7.4558000000000015e-06,7.455000000000001e-06,7.455000000000001e-06,7.4542e-06,7.4538e-06,7.4554000000000015e-06,7.454800000000001e-06,7.455000000000001e-06,7.4554000000000015e-06,7.4556e-06,7.455000000000001e-06,-6.250435529999998e-06,2.5397698521110045e-08,7.451559999999999e-06,3.2001262601353765e-09
55.125,18.0,-6.4171507999999996e-06,-6.44172e-06,-6.4391316e-06,-6.427170600000001e-06,-6.2909872000000006e-06,-6.4260918e-06,-6.428497800000001e-06,-6.4050898e-06,-6.4198246e-06,-6.4057529999999995e-06,-6.43429e-06,-6.4220544e-06,-6.4326663999999995e-06,-6.347180600000001e-06,-6.3592202000000005e-06,-6.4034094e-06,-6.3915222e-06,-6.3849812e-06,-6.412153e-06,-6.417273600000001e-06,-6.4150146e-06,-6.409163400000001e-06,-6.4178337999999996e-06,-6.4223291999999995e-06,-6.4203046e-06,-6.409466999999999e-06,-6.4065308e-06,-6.3963148e-06,-6.401126799999999e-06,-6.393688e-06,-6.4105184e-06,-6.3985792e-06,-6.3920946e-06,-6.3980668000000005e-06,-6.386264999999999e-06,-6.383534799999999e-06,-6.4131204e-06,-6.396538e-06,-6.371625199999999e-06,-6.3757350000000005e-06,-6.3827874e-06,-6.3777077999999994e-06,-6.402684e-06,-6.403412400000001e-06,-6.3984578e-06,-6.4079107999999995e-06,-6.3837195999999995e-06,-6.3935088000000004e-06,-6.417038199999999e-06,-6.4147662e-06,-6.356407e-06,-6.4128142e-06,-6.377576999999999e-06,-6.415967199999999e-06,-6.381213800000001e-06,-6.390242e-06,-6.403292999999999e-06,-6.407426600000001e-06,-6.388771e-06,-6.374095000000001e-06,-6.387580999999999e-06,-6.4006258e-06,-6.398500600000001e-06,-6.4041672e-06,-6.3678252e-06,-6.4022555999999995e-06,-6.3985226e-06,-6.390227399999999e-06,-6.390164e-06,-6.3966516e-06,-6.3956142e-06,-6.3979042e-06,-6.4022166e-06,-6.400756799999999e-06,-6.3943464e-06,-6.3821716e-06,-6.3779472e-06,-6.3787143999999985e-06,-6.3785134e-06,-6.3835044e-06,-6.370903e-06,-6.380040000000001e-06,-6.3519386e-06,-6.3515338e-06,-6.339600599999999e-06,-6.3523637999999995e-06,-6.338334e-06,-6.339676199999999e-06,-6.3663806000000005e-06,-6.3445024e-06,-6.360493399999999e-06,-6.361934199999999e-06,-6.3564626e-06,-6.357071399999999e-06,-6.3568932e-06,-6.3548076e-06,-6.3681974e-06,-6.373617e-06,-6.376773e-06,-6.3683530000000005e-06,7.4455999999999995e-06,7.444400000000001e-06,7.445000000000001e-06,7.4458e-06,7.447e-06,7.4446e-06,7.446e-06,7.4454e-06,7.446e-06,7.4458e-06,7.447e-06,7.4480000000000005e-06,7.4464e-06,7.449400000000001e-06,7.447e-06,7.4480000000000005e-06,7.447800000000001e-06,7.4474e-06,7.4480000000000005e-06,7.449e-06,7.449e-06,7.449200000000001e-06,7.45e-06,7.448800000000001e-06,7.448800000000001e-06,7.448800000000001e-06,7.4486e-06,7.448400000000001e-06,7.448200000000001e-06,7.45e-06,7.451000000000001e-06,7.449e-06,7.451000000000001e-06,7.4516e-06,7.449200000000001e-06,7.451200000000002e-06,7.450800000000001e-06,7.4502e-06,7.452000000000001e-06,7.4516e-06,7.450800000000001e-06,7.4502e-06,7.451000000000001e-06,7.451000000000001e-06,7.451000000000001e-06,7.451400000000001e-06,7.452000000000001e-06,7.4518e-06,7.4530000000000005e-06,7.4534000000000005e-06,7.4530000000000005e-06,7.4530000000000005e-06,7.454e-06,7.4530000000000005e-06,7.452400000000001e-06,7.451000000000001e-06,7.452200000000001e-06,7.4530000000000005e-06,7.452000000000001e-06,7.453199999999999e-06,7.452400000000001e-06,7.4532e-06,7.4538e-06,7.4530000000000005e-06,7.4528e-06,7.4530000000000005e-06,7.4538e-06,7.452200000000001e-06,7.4528e-06,7.454e-06,7.453599999999999e-06,7.455000000000001e-06,7.455000000000001e-06,7.454800000000001e-06,7.455200000000001e-06,7.454600000000001e-06,7.455000000000001e-06,7.454600000000001e-06,7.455000000000001e-06,7.4558000000000015e-06,7.4542e-06,7.454e-06,7.454e-06,7.4532e-06,7.453599999999999e-06,7.454e-06,7.4530000000000005e-06,7.455000000000001e-06,7.4567999999999995e-06,7.456e-06,7.455200000000001e-06,7.454800000000001e-06,7.4530000000000005e-06,7.454e-06,7.455000000000001e-06,7.4538e-06,7.455000000000001e-06,7.455200000000001e-06,7.4558000000000015e-06,7.454e-06,-6.3901190439999975e-06,2.5998765538178097e-08,7.451426000000001e-06,3.104985238827005e-09
52.0625,17.0,-6.5920853999999995e-06,-6.6143762e-06,-6.612489400000001e-06,-6.5922456e-06,-6.4275342e-06,-6.5947631999999994e-06,-6.5958032e-06,-6.5705226e-06,-6.5863744e-06,-6.5706922e-06,-6.601617399999999e-06,-6.5878578e-06,-6.596128400000001e-06,-6.5127964e-06,-6.5252398e-06,-6.567169e-06,-6.5562524e-06,-6.560215400000001e-06,-6.5758194e-06,-6.582471600000001e-06,-6.580381800000001e-06,-6.5733478e-06,-6.582084199999999e-06,-6.5875252e-06,-6.586274799999999e-06,-6.5735117999999994e-06,-6.574220400000001e-06,-6.560046199999999e-06,-6.5624968000000005e-06,-6.5595640000000005e-06,-6.576461600000001e-06,-6.56231e-06,-6.558803800000001e-06,-6.5566502e-06,-6.5501616e-06,-6.546683999999999e-06,-6.5792851999999995e-06,-6.5609254e-06,-6.532786800000001e-06,-6.5386526e-06,-6.5448936e-06,-6.540844799999999e-06,-6.5678859999999994e-06,-6.566717400000001e-06,-6.5636572e-06,-6.572439e-06,-6.5464015999999996e-06,-6.5545744e-06,-6.5816882e-06,-6.579573e-06,-6.5196344e-06,-6.580147399999999e-06,-6.5391986e-06,-6.580188e-06,-6.546384e-06,-6.5559414e-06,-6.4025858e-06,-6.574671799999999e-06,-6.5516302e-06,-6.5391796000000005e-06,-6.549832799999999e-06,-6.5671736e-06,-6.5629326e-06,-6.567126599999999e-06,-6.5332334e-06,-6.567330600000001e-06,-6.567508600000001e-06,-6.5619664e-06,-6.558731600000001e-06,-6.562984199999999e-06,-6.5634424e-06,-6.5617819999999995e-06,-6.5673042e-06,-6.5654236e-06,-6.557766999999999e-06,-6.547683e-06,-6.547358800000001e-06,-6.544470199999999e-06,-6.546412200000001e-06,-6.549373e-06,-6.5378736e-06,-6.5445972e-06,-6.517283399999999e-06,-6.5094824e-06,-6.503699399999999e-06,-6.5167762e-06,-6.497996199999999e-06,-6.500965600000001e-06,-6.529474399999999e-06,-6.507355200000001e-06,-6.526152399999999e-06,-6.525679200000001e-06,-6.519123799999999e-06,-6.5217199999999995e-06,-6.521644e-06,-6.5150114e-06,-6.531435000000001e-06,-6.5379436e-06,-6.539568200000001e-06,-6.531063399999999e-06,7.445000000000001e-06,7.445000000000001e-06,7.444000000000001e-06,7.445400000000001e-06,7.446599999999999e-06,7.445400000000001e-06,7.445200000000001e-06,7.446e-06,7.446e-06,7.4455999999999995e-06,7.446599999999999e-06,7.447e-06,7.4472e-06,7.448800000000001e-06,7.448200000000001e-06,7.4476000000000005e-06,7.4480000000000005e-06,7.4480000000000005e-06,7.447800000000001e-06,7.4480000000000005e-06,7.449200000000001e-06,7.449e-06,7.45e-06,7.447800000000001e-06,7.447800000000001e-06,7.4484e-06,7.448400000000001e-06,7.4480000000000005e-06,7.4480000000000005e-06,7.449400000000001e-06,7.4502e-06,7.449e-06,7.452000000000001e-06,7.451400000000001e-06,7.450400000000001e-06,7.45e-06,7.451000000000001e-06,7.450800000000001e-06,7.451400000000001e-06,7.4506e-06,7.451400000000001e-06,7.45e-06,7.451200000000002e-06,7.450400000000001e-06,7.451200000000002e-06,7.452400000000001e-06,7.451400000000001e-06,7.452000000000001e-06,7.4538e-06,7.4530000000000005e-06,7.452200000000001e-06,7.4534e-06,7.4528e-06,7.452000000000001e-06,7.452000000000001e-06,7.4518e-06,7.4530000000000005e-06,7.4538e-06,7.4530000000000005e-06,7.4528e-06,7.4530000000000005e-06,7.4530000000000005e-06,7.453599999999999e-06,7.452000000000001e-06,7.4528e-06,7.4526e-06,7.454e-06,7.4538e-06,7.4532e-06,7.452400000000001e-06,7.4544e-06,7.454e-06,7.454600000000001e-06,7.455000000000001e-06,7.454e-06,7.454800000000001e-06,7.4542e-06,7.454e-06,7.4556e-06,7.455200000000001e-06,7.455000000000001e-06,7.455000000000001e-06,7.4544e-06,7.4538e-06,7.4528e-06,7.4530000000000005e-06,7.453599999999999e-06,7.454e-06,7.455000000000001e-06,7.4554000000000015e-06,7.4556e-06,7.4544e-06,7.454e-06,7.454e-06,7.455000000000001e-06,7.453599999999999e-06,7.454800000000001e-06,7.456e-06,7.4566e-06,7.4554000000000015e-06,-6.553175460000003e-06,3.216335964588131e-08,7.451353999999997e-06,3.151508216775538e-09
49.0,16.0,-6.756169400000001e-06,-6.780235e-06,-6.775913799999999e-06,-6.7595006e-06,-6.5946684e-06,-6.7574678e-06,-6.758300400000001e-06,-6.735975200000001e-06,-6.751762e-06,-6.7280676e-06,-6.7658792e-06,-6.7517162e-06,-6.7616356e-06,-6.674682000000001e-06,-6.685376600000001e-06,-6.7344288e-06,-6.718356399999999e-06,-6.727426399999999e-06,-6.739169e-06,-6.7463868e-06,-6.745513000000001e-06,-6.7396283999999995e-06,-6.7441180000000004e-06,-6.7550142e-06,-6.750094e-06,-6.7394166e-06,-6.7384594e-06,-6.724842600000001e-06,-6.727519e-06,-6.726120599999999e-06,-6.741033000000001e-06,-6.7277814e-06,-6.7217976e-06,-6.7199062e-06,-6.713477799999999e-06,-6.713374999999999e-06,-6.7453328e-06,-6.7276892000000015e-06,-6.6983026e-06,-6.7047362e-06,-6.71091e-06,-6.7087442e-06,-6.7299886e-06,-6.7330694e-06,-6.7291156e-06,-6.7369112e-06,-6.711140600000001e-06,-6.7228404e-06,-6.7460377999999985e-06,-6.745496999999999e-06,-6.6819557999999995e-06,-6.7438776e-06,-6.7034796e-06,-6.7450282e-06,-6.711191e-06,-6.7202356e-06,-6.5730977999999994e-06,-6.7371488e-06,-6.7215144e-06,-6.703657800000001e-06,-6.717327999999999e-06,-6.7325222e-06,-6.728099600000001e-06,-6.7347758e-06,-6.697137600000001e-06,-6.732836199999999e-06,-6.7341814e-06,-6.7238674e-06,-6.7259846000000005e-06,-6.7308202e-06,-6.7293392e-06,-6.727328e-06,-6.7317750000000004e-06,-6.7331568e-06,-6.725685599999999e-06,-6.7143625999999995e-06,-6.7119368e-06,-6.7095988e-06,-6.707955199999999e-06,-6.713669999999999e-06,-6.705556199999999e-06,-6.7082015999999994e-06,-6.6843802e-06,-6.6744691999999995e-06,-6.669399e-06,-6.680773e-06,-6.664043e-06,-6.666331000000001e-06,-6.6937522000000004e-06,-6.6723182e-06,-6.6919664000000006e-06,-6.6892094e-06,-6.6865456e-06,-6.6861966e-06,-6.6847894e-06,-6.677364e-06,-6.695679999999999e-06,-6.703497400000001e-06,-6.705594200000001e-06,-6.6972616e-06,7.446e-06,7.446e-06,7.4446000000000015e-06,7.445000000000001e-06,7.447e-06,7.444800000000002e-06,7.4448e-06,7.446200000000001e-06,7.447e-06,7.445200000000001e-06,7.4455999999999995e-06,7.446200000000001e-06,7.447e-06,7.448199999999999e-06,7.4480000000000005e-06,7.4480000000000005e-06,7.4480000000000005e-06,7.4486e-06,7.447e-06,7.449400000000001e-06,7.449e-06,7.448800000000001e-06,7.449e-06,7.4480000000000005e-06,7.4474e-06,7.449e-06,7.4474e-06,7.4480000000000005e-06,7.449e-06,7.4498e-06,7.449e-06,7.449800000000001e-06,7.451000000000001e-06,7.451200000000002e-06,7.451000000000001e-06,7.450400000000001e-06,7.451000000000001e-06,7.4502e-06,7.45e-06,7.4506e-06,7.4506e-06,7.450800000000001e-06,7.4502e-06,7.452000000000001e-06,7.451000000000001e-06,7.452000000000001e-06,7.4518e-06,7.4528e-06,7.4538e-06,7.454e-06,7.451000000000001e-06,7.453599999999999e-06,7.4530000000000005e-06,7.452000000000001e-06,7.4530000000000005e-06,7.4518e-06,7.452000000000001e-06,7.4534e-06,7.451000000000001e-06,7.4530000000000005e-06,7.4530000000000005e-06,7.4534e-06,7.4530000000000005e-06,7.4528e-06,7.452000000000001e-06,7.4530000000000005e-06,7.454e-06,7.4530000000000005e-06,7.453599999999999e-06,7.454e-06,7.4538e-06,7.454600000000001e-06,7.454e-06,7.4538e-06,7.455000000000001e-06,7.455600000000001e-06,7.454600000000001e-06,7.455800000000001e-06,7.4532e-06,7.455000000000001e-06,7.455800000000001e-06,7.4554000000000015e-06,7.454800000000001e-06,7.454e-06,7.454e-06,7.4530000000000005e-06,7.4542e-06,7.455000000000001e-06,7.455000000000001e-06,7.4554000000000015e-06,7.4558000000000015e-06,7.4530000000000005e-06,7.4538e-06,7.453599999999999e-06,7.455000000000001e-06,7.4544e-06,7.454e-06,7.4554000000000015e-06,7.456e-06,7.4554000000000015e-06,-6.718224054000001e-06,3.184718584353429e-08,7.451352000000002e-06,3.1731347022122793e-09
45.9375,15.0,-6.9225668e-06,-6.9491812e-06,-6.9503326e-06,-6.932807e-06,-6.759301800000001e-06,-6.928879000000001e-06,-6.934743800000001e-06,-6.908061200000001e-06,-6.923744600000001e-06,-6.9107172e-06,-6.937566799999999e-06,-6.9247341999999995e-06,-6.934936599999999e-06,-6.8451464000000005e-06,-6.859098999999999e-06,-6.902260599999999e-06,-6.891643599999999e-06,-6.898805599999999e-06,-6.9152852e-06,-6.920744000000001e-06,-6.917544399999999e-06,-6.91316e-06,-6.9195506e-06,-6.9273488e-06,-6.9239464000000005e-06,-6.9119624e-06,-6.9116702e-06,-6.896368999999999e-06,-6.9021246e-06,-6.894222400000001e-06,-6.910987800000001e-06,-6.9017238e-06,-6.895129599999999e-06,-6.8927064000000004e-06,-6.8861682e-06,-6.8849594e-06,-6.919335e-06,-6.901787e-06,-6.872032400000001e-06,-6.8743879999999994e-06,-6.8829764e-06,-6.879070199999999e-06,-6.902150399999999e-06,-6.904701999999999e-06,-6.900004600000001e-06,-6.9121930000000005e-06,-6.8844878e-06,-6.8951504e-06,-6.9186326e-06,-6.917233999999999e-06,-6.855747599999999e-06,-6.917542800000001e-06,-6.8791284000000004e-06,-6.917443200000001e-06,-6.8838202e-06,-6.8953756000000005e-06,-6.736652799999999e-06,-6.910414000000001e-06,-6.8917932000000006e-06,-6.878085399999999e-06,-6.889173399999999e-06,-6.9044417999999995e-06,-6.8997202e-06,-6.9060694e-06,-6.867787e-06,-6.9060592e-06,-6.907484200000001e-06,-6.8951956e-06,-6.898551e-06,-6.9022622e-06,-6.901601e-06,-6.901552e-06,-6.904216199999999e-06,-6.904132799999999e-06,-6.8963212e-06,-6.8850754e-06,-6.8829467999999984e-06,-6.880442e-06,-6.8795226e-06,-6.8867699999999995e-06,-6.8747602e-06,-6.880037600000001e-06,-6.855278e-06,-6.8452968e-06,-6.8378784e-06,-6.8553786e-06,-6.833647400000001e-06,-6.838931999999999e-06,-6.8644395999999995e-06,-6.8428338e-06,-6.862471999999999e-06,-6.8606620000000005e-06,-6.8574582e-06,-6.8576238e-06,-6.8587142e-06,-6.847048600000001e-06,-6.868076799999999e-06,-6.8740502e-06,-6.8776452000000005e-06,-6.871752399999999e-06,7.4464e-06,7.445200000000001e-06,7.4458e-06,7.4446000000000015e-06,7.446800000000001e-06,7.445000000000001e-06,7.4458e-06,7.4474e-06,7.446599999999999e-06,7.447e-06,7.446e-06,7.447800000000001e-06,7.4472e-06,7.4484e-06,7.449e-06,7.4480000000000005e-06,7.447800000000001e-06,7.4480000000000005e-06,7.4480000000000005e-06,7.4480000000000005e-06,7.449e-06,7.449800000000001e-06,7.449e-06,7.449e-06,7.4480000000000005e-06,7.448800000000001e-06,7.4480000000000005e-06,7.448400000000001e-06,7.449400000000001e-06,7.449e-06,7.4502e-06,7.449400000000001e-06,7.451000000000001e-06,7.451000000000001e-06,7.45e-06,7.45e-06,7.451000000000001e-06,7.451400000000001e-06,7.4516e-06,7.4502e-06,7.4516e-06,7.451200000000002e-06,7.450800000000001e-06,7.4516e-06,7.450800000000001e-06,7.4530000000000005e-06,7.4528e-06,7.4530000000000005e-06,7.452200000000001e-06,7.4532e-06,7.4530000000000005e-06,7.453599999999999e-06,7.4532e-06,7.452000000000001e-06,7.4516e-06,7.452000000000001e-06,7.452000000000001e-06,7.454e-06,7.452200000000001e-06,7.4538e-06,7.4530000000000005e-06,7.4530000000000005e-06,7.4530000000000005e-06,7.4518e-06,7.4516e-06,7.4534e-06,7.454e-06,7.4530000000000005e-06,7.4538e-06,7.4538e-06,7.453599999999999e-06,7.454e-06,7.455000000000001e-06,7.454600000000001e-06,7.455000000000001e-06,7.455200000000001e-06,7.455000000000001e-06,7.454600000000001e-06,7.454e-06,7.4544e-06,7.4558000000000015e-06,7.454600000000001e-06,7.454800000000001e-06,7.453599999999999e-06,7.4544e-06,7.454800000000001e-06,7.454e-06,7.4554000000000015e-06,7.455600000000001e-06,7.4563999999999995e-06,7.455200000000001e-06,7.4530000000000005e-06,7.454e-06,7.455000000000001e-06,7.456200000000001e-06,7.4542e-06,7.456e-06,7.4554000000000015e-06,7.456e-06,7.455600000000001e-06,-6.890335879999997e-06,3.292369510430466e-08,7.451564000000001e-06,3.0975232856349086e-09
42.875,14.0,-7.0896868000000005e-06,-7.1139586e-06,-7.1079994e-06,-7.095121400000001e-06,-6.9298492e-06,-7.089974199999999e-06,-7.0920388e-06,-7.066466e-06,-7.0788938000000005e-06,-7.0621944e-06,-7.0978098e-06,-7.084963e-06,-7.0946362e-06,-7.0009404e-06,-7.0114625999999996e-06,-7.0636405999999995e-06,-7.0502518e-06,-7.056656200000001e-06,-7.0709235999999996e-06,-7.078091e-06,-7.075149000000001e-06,-7.0705891999999995e-06,-7.0768718e-06,-7.085405e-06,-7.082163799999999e-06,-7.0707586e-06,-7.0669776e-06,-7.0556144e-06,-7.062545800000001e-06,-7.0550986e-06,-7.0706152e-06,-7.059404799999999e-06,-7.0509881999999995e-06,-7.051809399999999e-06,-7.041582800000001e-06,-7.040543800000001e-06,-7.0765018e-06,-7.056954600000001e-06,-7.0265762e-06,-7.0315894e-06,-7.0403358000000004e-06,-7.0384538e-06,-7.0599507999999996e-06,-7.066853999999999e-06,-7.0573546e-06,-7.0696878e-06,-7.0408934e-06,-7.0517602e-06,-7.077034800000001e-06,-7.0773688e-06,-7.0137858e-06,-7.076842399999999e-06,-7.035621800000001e-06,-7.0747812e-06,-7.0401358e-06,-7.0516515999999995e-06,-6.9127855999999996e-06,-7.068438000000001e-06,-7.0491528e-06,-7.0327722e-06,-7.0471304e-06,-7.0655096000000005e-06,-7.0591798e-06,-7.0637996e-06,-7.025788399999999e-06,-7.0617856e-06,-7.0675084e-06,-7.053171600000001e-06,-7.058613199999999e-06,-7.0597608e-06,-7.0586640000000006e-06,-7.0599364e-06,-7.064983399999999e-06,-7.0637578e-06,-7.052638000000001e-06,-7.0424678e-06,-7.041166000000001e-06,-7.037809200000001e-06,-7.0360579999999995e-06,-7.043088400000001e-06,-7.032492799999999e-06,-7.037057600000001e-06,-7.010676600000001e-06,-7.0006026e-06,-6.9955296e-06,-7.009459200000001e-06,-6.990323200000001e-06,-6.994263599999999e-06,-7.023098400000001e-06,-6.998459199999999e-06,-7.0195868e-06,-7.0157946e-06,-7.0135666e-06,-7.0135854e-06,-7.0146587999999996e-06,-7.003194599999999e-06,-7.026879799999999e-06,-7.0315122e-06,-7.033796200000001e-06,-7.0285962e-06,7.446e-06,7.445000000000001e-06,7.445200000000001e-06,7.4455999999999995e-06,7.4464e-06,7.4446e-06,7.445000000000001e-06,7.446599999999999e-06,7.447e-06,7.446199999999999e-06,7.4455999999999995e-06,7.4472e-06,7.447e-06,7.4480000000000005e-06,7.449e-06,7.449200000000001e-06,7.45e-06,7.448200000000001e-06,7.448800000000001e-06,7.45e-06,7.45e-06,7.449200000000001e-06,7.449400000000001e-06,7.449600000000001e-06,7.4486e-06,7.449e-06,7.447e-06,7.4486e-06,7.4498e-06,7.45e-06,7.45e-06,7.45e-06,7.452000000000001e-06,7.4530000000000005e-06,7.45e-06,7.450800000000001e-06,7.4516e-06,7.451000000000001e-06,7.452400000000001e-06,7.451200000000002e-06,7.452000000000001e-06,7.451400000000001e-06,7.4506e-06,7.452200000000001e-06,7.450400000000001e-06,7.4516e-06,7.4528e-06,7.452200000000001e-06,7.4530000000000005e-06,7.4544e-06,7.4516e-06,7.4534e-06,7.4538e-06,7.452400000000001e-06,7.4524e-06,7.452600000000001e-06,7.452400000000001e-06,7.4534000000000005e-06,7.453199999999999e-06,7.455000000000001e-06,7.4534000000000005e-06,7.454600000000001e-06,7.4538e-06,7.452200000000001e-06,7.452400000000001e-06,7.4530000000000005e-06,7.454800000000001e-06,7.4538e-06,7.4542e-06,7.4532e-06,7.454e-06,7.455200000000001e-06,7.4556e-06,7.455000000000001e-06,7.4542e-06,7.455600000000001e-06,7.4556e-06,7.4558000000000015e-06,7.455000000000001e-06,7.455000000000001e-06,7.4556e-06,7.4554000000000015e-06,7.455000000000001e-06,7.454e-06,7.455000000000001e-06,7.455000000000001e-06,7.4542e-06,7.456e-06,7.4567999999999995e-06,7.455000000000001e-06,7.456e-06,7.4538e-06,7.454600000000001e-06,7.455000000000001e-06,7.457e-06,7.4542e-06,7.4554000000000015e-06,7.456e-06,7.456e-06,7.455800000000001e-06,-7.048349093999998e-06,3.2537532326060925e-08,7.4518679999999955e-06,3.251879953553624e-09
39.8125,13.0,-7.2864362e-06,-7.3128362e-06,-7.2999232000000005e-06,-7.274064600000001e-06,-7.0895154e-06,-7.283277799999999e-06,-7.278617799999999e-06,-7.2470478e-06,-7.2667058e-06,-7.2507757999999996e-06,-7.2851946e-06,-7.265389399999999e-06,-7.28106e-06,-7.1806470000000006e-06,-7.1994624e-06,-7.2459762e-06,-7.2350044e-06,-7.2404958e-06,-7.2641185999999985e-06,-7.261442800000001e-06,-7.260503e-06,-7.2534788e-06,-7.2632248e-06,-7.270519e-06,-7.267165e-06,-7.2535301999999995e-06,-7.254366600000001e-06,-7.2391102000000004e-06,-7.2467056e-06,-7.234523599999999e-06,-7.255875999999999e-06,-7.241625399999999e-06,-7.235252800000001e-06,-7.231872e-06,-7.2269778e-06,-7.2225524e-06,-7.265153599999999e-06,-7.2389482e-06,-7.2124323999999996e-06,-7.211228e-06,-7.223798e-06,-7.2168956000000004e-06,-7.246834399999999e-06,-7.248504000000001e-06,-7.244966600000001e-06,-7.252598199999999e-06,-7.2284126e-06,-7.2318077999999994e-06,-7.2616175999999995e-06,-7.258019199999999e-06,-7.196027e-06,-7.2570974e-06,-7.2213948e-06,-7.2581302e-06,-7.2248381999999995e-06,-7.2336001999999995e-06,-7.070057599999999e-06,-7.2586272e-06,-7.2304394e-06,-7.218802199999999e-06,-7.229058599999999e-06,-7.249000599999999e-06,-7.2412644e-06,-7.2511397999999994e-06,-7.207506599999999e-06,-7.2500126e-06,-7.2467836000000005e-06,-7.243092399999999e-06,-7.2394884e-06,-7.2445536e-06,-7.243126599999999e-06,-7.2449892e-06,-7.247279400000001e-06,-7.2498974000000006e-06,-7.2359682000000005e-06,-7.229397600000001e-06,-7.221919999999999e-06,-7.224365200000001e-06,-7.217320800000001e-06,-7.2274015999999995e-06,-7.214977e-06,-7.226544599999999e-06,-7.1923976e-06,-7.1952554e-06,-7.1794268e-06,-7.1954226e-06,-7.169617e-06,-7.176074199999999e-06,-7.204738799999999e-06,-7.1841716e-06,-7.199619000000001e-06,-7.2024132e-06,-7.1938638e-06,-7.1979612e-06,-7.1939998e-06,-7.1858072e-06,-7.206541999999999e-06,-7.2184261999999995e-06,-7.2171372e-06,-7.211624e-06,7.446e-06,7.4458e-06,7.4464e-06,7.446e-06,7.446599999999999e-06,7.4442000000000015e-06,7.4468e-06,7.446e-06,7.446e-06,7.447e-06,7.446599999999999e-06,7.447e-06,7.4474e-06,7.448800000000001e-06,7.449400000000001e-06,7.449e-06,7.449e-06,7.449e-06,7.449e-06,7.449400000000001e-06,7.449200000000001e-06,7.449600000000001e-06,7.449e-06,7.449800000000001e-06,7.4486e-06,7.449e-06,7.449e-06,7.450800000000001e-06,7.4498e-06,7.45e-06,7.4502e-06,7.449600000000001e-06,7.451000000000001e-06,7.451000000000001e-06,7.45e-06,7.4506e-06,7.452000000000001e-06,7.451000000000001e-06,7.452200000000001e-06,7.4516e-06,7.451000000000001e-06,7.4516e-06,7.451000000000001e-06,7.452600000000001e-06,7.4530000000000005e-06,7.452000000000001e-06,7.4534000000000005e-06,7.452000000000001e-06,7.4534000000000005e-06,7.4544e-06,7.452600000000001e-06,7.4534e-06,7.4542e-06,7.452000000000001e-06,7.452600000000001e-06,7.4528e-06,7.453599999999999e-06,7.454e-06,7.4530000000000005e-06,7.454e-06,7.454e-06,7.454800000000001e-06,7.452600000000001e-06,7.4530000000000005e-06,7.4534e-06,7.4530000000000005e-06,7.454e-06,7.4534e-06,7.454800000000001e-06,7.4530000000000005e-06,7.4542e-06,7.455000000000001e-06,7.455200000000001e-06,7.456e-06,7.455600000000001e-06,7.456e-06,7.455000000000001e-06,7.4558000000000015e-06,7.455000000000001e-06,7.4544e-06,7.4554000000000015e-06,7.455200000000001e-06,7.455000000000001e-06,7.4542e-06,7.454800000000001e-06,7.455600000000001e-06,7.4538e-06,7.455000000000001e-06,7.457e-06,7.455200000000001e-06,7.456e-06,7.454600000000001e-06,7.454800000000001e-06,7.4554000000000015e-06,7.4567999999999995e-06,7.4534e-06,7.4556e-06,7.457e-06,7.456e-06,7.4554000000000015e-06,-7.232250912e-06,3.585036873961441e-08,7.452003999999998e-06,3.1528060293310866e-09
36.75,12.0,-7.4741690000000006e-06,-7.502509600000001e-06,-7.497424399999999e-06,-7.479695e-06,-7.2816562000000005e-06,-7.479094599999999e-06,-7.481457e-06,-7.450065e-06,-7.4706817999999995e-06,-7.4510234000000005e-06,-7.485848599999999e-06,-7.471061400000001e-06,-7.4834898e-06,-7.3861784e-06,-7.397282399999999e-06,-7.445715999999999e-06,-7.435772800000001e-06,-7.444799599999999e-06,-7.464126e-06,-7.463944600000001e-06,-7.4627072e-06,-7.4576284e-06,-7.4652028e-06,-7.4717182e-06,-7.470765999999999e-06,-7.4549599999999995e-06,-7.4553458000000006e-06,-7.4410865999999995e-06,-7.44702e-06,-7.439205600000001e-06,-7.4543997999999994e-06,-7.4447509999999996e-06,-7.432675000000001e-06,-7.4351982e-06,-7.425789e-06,-7.4252866e-06,-7.46255e-06,-7.4439336e-06,-7.412515999999999e-06,-7.4127432e-06,-7.4234192e-06,-7.4201404e-06,-7.446404399999999e-06,-7.450085799999999e-06,-7.4405048e-06,-7.455641e-06,-7.426338599999999e-06,-7.437963200000001e-06,-7.4631718e-06,-7.461598199999999e-06,-7.396881600000001e-06,-7.4618012e-06,-7.423316999999999e-06,-7.4628913999999995e-06,-7.4222005999999995e-06,-7.4359945999999995e-06,-7.2559902e-06,-7.4574966e-06,-7.4319848e-06,-7.4183045999999995e-06,-7.432175599999999e-06,-7.4492178e-06,-7.443216200000001e-06,-7.450569799999999e-06,-7.4090404000000006e-06,-7.4488792e-06,-7.448163799999999e-06,-7.444498400000001e-06,-7.4415894000000005e-06,-7.4454478000000005e-06,-7.443208199999999e-06,-7.443435800000001e-06,-7.448314800000001e-06,-7.449888e-06,-7.4382252e-06,-7.4313548e-06,-7.4256154e-06,-7.4217722e-06,-7.4164406e-06,-7.4264992e-06,-7.4163302e-06,-7.4206210000000005e-06,-7.392150399999999e-06,-7.3838392e-06,-7.3777405999999996e-06,-7.3885394e-06,-7.369885e-06,-7.3723963999999996e-06,-7.4047948e-06,-7.3808846e-06,-7.4001538e-06,-7.402002e-06,-7.3933678e-06,-7.3980942e-06,-7.394295599999999e-06,-7.3866668e-06,-7.4075976e-06,-7.415227800000001e-06,-7.4171326e-06,-7.4125508e-06,7.446e-06,7.445000000000001e-06,7.446e-06,7.4455999999999995e-06,7.446e-06,7.446e-06,7.447e-06,7.447e-06,7.4476000000000005e-06,7.447e-06,7.4458e-06,7.446599999999999e-06,7.447800000000001e-06,7.449e-06,7.45e-06,7.4480000000000005e-06,7.4486e-06,7.449400000000001e-06,7.449e-06,7.4496e-06,7.449200000000001e-06,7.4506e-06,7.4496e-06,7.449e-06,7.45e-06,7.448800000000001e-06,7.448800000000001e-06,7.45e-06,7.451000000000001e-06,7.451000000000001e-06,7.450400000000001e-06,7.45e-06,7.450400000000001e-06,7.451400000000001e-06,7.45e-06,7.451000000000001e-06,7.452000000000001e-06,7.4516e-06,7.4530000000000005e-06,7.4518e-06,7.452000000000001e-06,7.451000000000001e-06,7.451000000000001e-06,7.452400000000001e-06,7.452000000000001e-06,7.452000000000001e-06,7.4530000000000005e-06,7.4530000000000005e-06,7.452400000000001e-06,7.454e-06,7.4530000000000005e-06,7.4526e-06,7.453599999999999e-06,7.453599999999999e-06,7.4526e-06,7.4530000000000005e-06,7.4530000000000005e-06,7.454800000000001e-06,7.4530000000000005e-06,7.454e-06,7.454e-06,7.454e-06,7.4532e-06,7.452600000000001e-06,7.452400000000001e-06,7.4530000000000005e-06,7.453599999999999e-06,7.453599999999999e-06,7.455000000000001e-06,7.4530000000000005e-06,7.4542e-06,7.455000000000001e-06,7.454800000000001e-06,7.4554000000000015e-06,7.456e-06,7.456199999999999e-06,7.455600000000001e-06,7.4554000000000015e-06,7.456e-06,7.455000000000001e-06,7.455000000000001e-06,7.454e-06,7.4554000000000015e-06,7.455200000000001e-06,7.455000000000001e-06,7.4558000000000015e-06,7.4542e-06,7.454800000000001e-06,7.456e-06,7.4558000000000015e-06,7.455000000000001e-06,7.454800000000001e-06,7.454600000000001e-06,7.455000000000001e-06,7.456e-06,7.454e-06,7.456e-06,7.456e-06,7.457e-06,7.456e-06,-7.432454318000001e-06,3.7154951022458475e-08,7.452061999999997e-06,3.090251207467308e-09
33.6875,11.0,-7.6519194e-06,-7.6794192e-06,-7.677862399999999e-06,-7.660394600000002e-06,-7.4765876000000005e-06,-7.6548868e-06,-7.659040599999998e-06,-7.6296436e-06,-7.6459296e-06,-7.633788600000001e-06,-7.6636486e-06,-7.652816e-06,-7.66163e-06,-7.5614984e-06,-7.5747124e-06,-7.625958999999999e-06,-7.612832800000001e-06,-7.621277999999999e-06,-7.640764000000001e-06,-7.640752e-06,-7.640118599999999e-06,-7.635158200000001e-06,-7.642038600000001e-06,-7.648670800000001e-06,-7.6480898e-06,-7.6342892e-06,-7.632735e-06,-7.6194375999999994e-06,-7.6259190000000004e-06,-7.612376600000001e-06,-7.6309406e-06,-7.6225234e-06,-7.6123934e-06,-7.613737400000001e-06,-7.6023394e-06,-7.603274999999999e-06,-7.640019400000001e-06,-7.6186696e-06,-7.587834e-06,-7.5918549999999995e-06,-7.6011404e-06,-7.5978902e-06,-7.6239787999999995e-06,-7.631508400000001e-06,-7.6210556000000005e-06,-7.6330036e-06,-7.603929199999999e-06,-7.613366e-06,-7.639159199999999e-06,-7.640201400000001e-06,-7.570643599999999e-06,-7.639632200000001e-06,-7.6164316e-06,-7.639508e-06,-7.6019846e-06,-7.6153143999999995e-06,-7.458312799999999e-06,-7.6311134e-06,-7.6122088e-06,-7.5939276000000004e-06,-7.6118402e-06,-7.627035200000001e-06,-7.6193626e-06,-7.6275128e-06,-7.585483800000001e-06,-7.625431800000001e-06,-7.6269278e-06,-7.621613e-06,-7.6190404e-06,-7.623190199999999e-06,-7.623346200000001e-06,-7.6208376e-06,-7.6261954e-06,-7.6251481999999996e-06,-7.616346e-06,-7.605310399999999e-06,-7.6035733999999996e-06,-7.5990045999999985e-06,-7.5944916e-06,-7.600306400000001e-06,-7.5922796e-06,-7.5932662e-06,-7.5677918000000005e-06,-7.560844200000001e-06,-7.5535659999999995e-06,-7.562658e-06,-7.5468431999999995e-06,-7.5479872e-06,-7.579361799999999e-06,-7.558107399999999e-06,-7.5788568e-06,-7.578157399999999e-06,-7.573963999999999e-06,-7.5726690000000006e-06,-7.575381000000001e-06,-7.5611354e-06,-7.5842650000000005e-06,-7.5931692000000005e-06,-7.597249999999999e-06,-7.5895880000000015e-06,7.446e-06,7.4458e-06,7.4458e-06,7.446200000000001e-06,7.4458e-06,7.444400000000001e-06,7.447e-06,7.4468e-06,7.446599999999999e-06,7.4468e-06,7.446e-06,7.446e-06,7.449400000000001e-06,7.4480000000000005e-06,7.449200000000001e-06,7.448200000000001e-06,7.4480000000000005e-06,7.4480000000000005e-06,7.448200000000001e-06,7.4484e-06,7.449e-06,7.451000000000001e-06,7.4498e-06,7.449e-06,7.449800000000001e-06,7.4480000000000005e-06,7.4480000000000005e-06,7.449e-06,7.4506e-06,7.450400000000001e-06,7.45e-06,7.451000000000001e-06,7.451000000000001e-06,7.4518e-06,7.4498e-06,7.4516e-06,7.4518e-06,7.450800000000001e-06,7.451000000000001e-06,7.4516e-06,7.4516e-06,7.450800000000001e-06,7.4516e-06,7.4530000000000005e-06,7.452400000000001e-06,7.452600000000001e-06,7.4534e-06,7.454e-06,7.452200000000001e-06,7.453599999999999e-06,7.454e-06,7.4530000000000005e-06,7.452000000000001e-06,7.4530000000000005e-06,7.4530000000000005e-06,7.452600000000001e-06,7.454e-06,7.452600000000001e-06,7.4530000000000005e-06,7.454e-06,7.4544e-06,7.4538e-06,7.4530000000000005e-06,7.4530000000000005e-06,7.4528e-06,7.454e-06,7.455000000000001e-06,7.4530000000000005e-06,7.455000000000001e-06,7.452200000000001e-06,7.454800000000001e-06,7.454600000000001e-06,7.456e-06,7.454e-06,7.456e-06,7.4554000000000015e-06,7.454800000000001e-06,7.454e-06,7.4554000000000015e-06,7.4544e-06,7.4554000000000015e-06,7.455000000000001e-06,7.455600000000001e-06,7.455000000000001e-06,7.455000000000001e-06,7.455200000000001e-06,7.455000000000001e-06,7.455200000000001e-06,7.456e-06,7.455000000000001e-06,7.455200000000001e-06,7.455000000000001e-06,7.4542e-06,7.455000000000001e-06,7.456400000000001e-06,7.454e-06,7.455000000000001e-06,7.456e-06,7.457799999999999e-06,7.456200000000001e-06,-7.610412328000002e-06,3.573498613268877e-08,7.451947999999997e-06,3.191354482714827e-09
30.625,10.0,-7.825377400000002e-06,-7.8562828e-06,-7.855901e-06,-7.8398176e-06,-7.655941200000001e-06,-7.8348282e-06,-7.841198200000002e-06,-7.806350600000002e-06,-7.8256444e-06,-7.811701e-06,-7.8424848e-06,-7.832106199999999e-06,-7.8405392e-06,-7.737749200000001e-06,-7.752301999999999e-06,-7.802927400000001e-06,-7.7895298e-06,-7.7958376e-06,-7.8192098e-06,-7.8205824e-06,-7.817345e-06,-7.812247000000001e-06,-7.818729000000001e-06,-7.8283302e-06,-7.824753000000001e-06,-7.811932999999999e-06,-7.8083374e-06,-7.7952734e-06,-7.7996908e-06,-7.789755399999998e-06,-7.8103136e-06,-7.801294999999999e-06,-7.7881642e-06,-7.790394599999999e-06,-7.7800614e-06,-7.7792922e-06,-7.8182532e-06,-7.799892000000001e-06,-7.7625488e-06,-7.7683582e-06,-7.777359599999999e-06,-7.7742744e-06,-7.8009608e-06,-7.811104399999998e-06,-7.7992466e-06,-7.811806399999998e-06,-7.780089800000001e-06,-7.7914098e-06,-7.8189224e-06,-7.8162088e-06,-7.7498206e-06,-7.820941600000002e-06,-7.7964178e-06,-7.8140164e-06,-7.777782e-06,-7.791988e-06,-7.6366156e-06,-7.809301e-06,-7.786780800000001e-06,-7.771181e-06,-7.7860598e-06,-7.8077898e-06,-7.795332e-06,-7.8048698e-06,-7.7619908e-06,-7.8052268e-06,-7.806754600000002e-06,-7.8009198e-06,-7.796257800000002e-06,-7.802919400000001e-06,-7.800151e-06,-7.8025898e-06,-7.8034796e-06,-7.8034536e-06,-7.7941066e-06,-7.784516599999998e-06,-7.781193e-06,-7.7764622e-06,-7.770408200000001e-06,-7.782151399999999e-06,-7.7702502e-06,-7.770169e-06,-7.745878e-06,-7.7351546e-06,-7.7310904e-06,-7.7409914e-06,-7.7240314e-06,-7.7239662e-06,-7.758632000000001e-06,-7.7372936e-06,-7.756684799999999e-06,-7.7549546e-06,-7.749848e-06,-7.752915999999999e-06,-7.751907e-06,-7.7366728e-06,-7.7648756e-06,-7.7710146e-06,-7.774170399999999e-06,-7.7669382e-06,7.445000000000001e-06,7.445000000000001e-06,7.446e-06,7.446e-06,7.446e-06,7.445000000000001e-06,7.447e-06,7.446200000000001e-06,7.4474e-06,7.447200000000001e-06,7.445200000000001e-06,7.4480000000000005e-06,7.4480000000000005e-06,7.4480000000000005e-06,7.449e-06,7.4476000000000005e-06,7.447800000000001e-06,7.449e-06,7.449e-06,7.4484e-06,7.4486e-06,7.4506e-06,7.449e-06,7.449e-06,7.4484e-06,7.4486e-06,7.447e-06,7.449e-06,7.449400000000001e-06,7.45e-06,7.4502e-06,7.451000000000001e-06,7.451000000000001e-06,7.451800000000002e-06,7.450800000000001e-06,7.450800000000001e-06,7.451000000000001e-06,7.4512e-06,7.452000000000001e-06,7.451000000000001e-06,7.452000000000001e-06,7.451000000000001e-06,7.452000000000001e-06,7.452600000000001e-06,7.4512e-06,7.4512e-06,7.4530000000000005e-06,7.4530000000000005e-06,7.452200000000001e-06,7.4534e-06,7.454e-06,7.454e-06,7.4530000000000005e-06,7.4528e-06,7.452000000000001e-06,7.4530000000000005e-06,7.4530000000000005e-06,7.4530000000000005e-06,7.4526e-06,7.453199999999999e-06,7.455000000000001e-06,7.453599999999999e-06,7.4530000000000005e-06,7.4530000000000005e-06,7.452600000000001e-06,7.454e-06,7.454e-06,7.453199999999999e-06,7.455000000000001e-06,7.4544e-06,7.454600000000001e-06,7.4542e-06,7.455000000000001e-06,7.455000000000001e-06,7.455600000000001e-06,7.4563999999999995e-06,7.454600000000001e-06,7.4544e-06,7.455000000000001e-06,7.455200000000001e-06,7.455200000000001e-06,7.455000000000001e-06,7.454e-06,7.4544e-06,7.4542e-06,7.455000000000001e-06,7.454600000000001e-06,7.455800000000001e-06,7.455200000000001e-06,7.4556e-06,7.4554000000000015e-06,7.455000000000001e-06,7.454e-06,7.454e-06,7.4567999999999995e-06,7.454600000000001e-06,7.455600000000001e-06,7.456e-06,7.457799999999999e-06,7.456200000000001e-06,-7.788115773999996e-06,3.600403463239413e-08,7.451856000000001e-06,3.205560824882271e-09
27.5625,9.0,-8.057070999999998e-06,-8.0850622e-06,-8.082090000000001e-06,-8.072721199999999e-06,-7.8351646e-06,-8.0599914e-06,-8.0630278e-06,-8.0358928e-06,-8.0512464e-06,-8.037108800000001e-06,-8.0710488e-06,-8.0602622e-06,-8.066662600000001e-06,-7.9630778e-06,-7.975652599999999e-06,-8.0317928e-06,-8.0164342e-06,-8.023231400000001e-06,-8.047964e-06,-8.049458600000001e-06,-8.0433084e-06,-8.041143199999999e-06,-8.0445784e-06,-8.0558292e-06,-8.0519228e-06,-8.03815e-06,-8.035442199999999e-06,-8.022646199999999e-06,-8.025589600000001e-06,-8.016598e-06,-8.031537e-06,-8.0278098e-06,-8.0149864e-06,-8.0178484e-06,-8.0033696e-06,-8.0067158e-06,-8.042595200000001e-06,-8.0257742e-06,-7.9887948e-06,-7.994790999999999e-06,-8.0018418e-06,-8.004235200000001e-06,-8.0281624e-06,-8.0349222e-06,-8.0247718e-06,-8.0385382e-06,-8.0051124e-06,-8.021819e-06,-8.0431248e-06,-8.043967e-06,-7.9733926e-06,-8.04521e-06,-8.0220502e-06,-8.014212200000001e-06,-8.0011488e-06,-8.0189694e-06,-7.813948999999999e-06,-8.0336364e-06,-8.012710599999999e-06,-7.994276e-06,-8.0090436e-06,-8.0309128e-06,-8.0242722e-06,-8.030112799999999e-06,-7.9860374e-06,-8.0274956e-06,-8.033947e-06,-8.025889e-06,-8.022823e-06,-8.0280064e-06,-8.0249396e-06,-8.0251578e-06,-8.0283882e-06,-8.0289594e-06,-8.0200774e-06,-8.004393e-06,-8.005947599999999e-06,-8.0012666e-06,-7.996216800000001e-06,-8.0028898e-06,-7.9967914e-06,-7.99308e-06,-7.9717426e-06,-7.958041e-06,-7.9529432e-06,-7.9632876e-06,-7.948037399999998e-06,-7.950349199999998e-06,-7.9847364e-06,-7.957623e-06,-7.9812066e-06,-7.977594800000001e-06,-7.975372e-06,-7.9750216e-06,-7.975066000000001e-06,-7.9617368e-06,-7.9913778e-06,-7.996534e-06,-8.0009464e-06,-7.991195e-06,7.4455999999999995e-06,7.445000000000001e-06,7.4454e-06,7.4464e-06,7.445200000000001e-06,7.4455999999999995e-06,7.447e-06,7.446599999999999e-06,7.447e-06,7.446e-06,7.446e-06,7.4476000000000005e-06,7.4484e-06,7.4480000000000005e-06,7.449e-06,7.4480000000000005e-06,7.448400000000001e-06,7.4480000000000005e-06,7.449e-06,7.449600000000001e-06,7.449e-06,7.451000000000001e-06,7.45e-06,7.4480000000000005e-06,7.449e-06,7.4484e-06,7.4480000000000005e-06,7.449e-06,7.45e-06,7.45e-06,7.4496e-06,7.4506e-06,7.451000000000001e-06,7.451000000000001e-06,7.4502e-06,7.450800000000001e-06,7.45e-06,7.4514e-06,7.452000000000001e-06,7.451000000000001e-06,7.450400000000001e-06,7.4518e-06,7.452000000000001e-06,7.452000000000001e-06,7.452000000000001e-06,7.451200000000002e-06,7.452000000000001e-06,7.453199999999999e-06,7.452200000000001e-06,7.4530000000000005e-06,7.454e-06,7.454e-06,7.4534000000000005e-06,7.453599999999999e-06,7.4516e-06,7.4532e-06,7.4530000000000005e-06,7.4530000000000005e-06,7.4530000000000005e-06,7.454e-06,7.4534e-06,7.4542e-06,7.4544e-06,7.4534e-06,7.452000000000001e-06,7.4530000000000005e-06,7.456e-06,7.454e-06,7.4538e-06,7.454e-06,7.454e-06,7.4542e-06,7.454e-06,7.455200000000001e-06,7.4554000000000015e-06,7.455000000000001e-06,7.454800000000001e-06,7.455000000000001e-06,7.454800000000001e-06,7.454e-06,7.455000000000001e-06,7.455000000000001e-06,7.4542e-06,7.454e-06,7.454e-06,7.454e-06,7.454800000000001e-06,7.455600000000001e-06,7.455000000000001e-06,7.456200000000001e-06,7.455000000000001e-06,7.454800000000001e-06,7.4538e-06,7.4542e-06,7.455000000000001e-06,7.455000000000001e-06,7.455000000000001e-06,7.457e-06,7.457400000000001e-06,7.4558000000000015e-06,-8.012499002e-06,4.082149317529445e-08,7.451797999999998e-06,3.1231290965209725e-09
24.5,8.0,-8.2962278e-06,-8.3191724e-06,-8.3107204e-06,-8.290533600000001e-06,-8.0593964e-06,-8.293461999999999e-06,-8.290128e-06,-8.257288e-06,-8.2785336e-06,-8.2612336e-06,-8.300885e-06,-8.283206199999999e-06,-8.2928786e-06,-8.182988600000001e-06,-8.196926399999999e-06,-8.252815999999999e-06,-8.2418204e-06,-8.246589800000001e-06,-8.2731384e-06,-8.272996399999999e-06,-8.267711199999999e-06,-8.2647756e-06,-8.270621e-06,-8.279474200000001e-06,-8.278150800000001e-06,-8.260329400000002e-06,-8.262115000000001e-06,-8.243033999999999e-06,-8.2551554e-06,-8.237147400000001e-06,-8.256871e-06,-8.2514046e-06,-8.239631e-06,-8.2416308e-06,-8.228732999999998e-06,-8.226394800000001e-06,-8.267763799999999e-06,-8.245874799999998e-06,-8.212473399999999e-06,-8.2155834e-06,-8.226248e-06,-8.2181756e-06,-8.2508118e-06,-8.2584426e-06,-8.247956199999999e-06,-8.2571846e-06,-8.226798600000001e-06,-8.241933e-06,-8.269143599999999e-06,-8.2703664e-06,-8.19687e-06,-8.2686416e-06,-8.246954599999998e-06,-8.2365542e-06,-8.223168e-06,-8.2380612e-06,-8.041019400000002e-06,-8.2646528e-06,-8.2358996e-06,-8.218448e-06,-8.2351136e-06,-8.257456e-06,-8.246704200000001e-06,-8.2563784e-06,-8.2097256e-06,-8.2560156e-06,-8.2550806e-06,-8.2496178e-06,-8.2465264e-06,-8.253450399999998e-06,-8.249732199999999e-06,-8.251945000000001e-06,-8.252965600000001e-06,-8.2575498e-06,-8.2430052e-06,-8.231443199999998e-06,-8.226126e-06,-8.222901e-06,-8.218993400000001e-06,-8.231606800000002e-06,-8.2184512e-06,-8.216163600000001e-06,-8.1913576e-06,-8.1823086e-06,-8.175131e-06,-8.186775399999999e-06,-8.16841e-06,-8.172969000000001e-06,-8.2070976e-06,-8.1838734e-06,-8.2028082e-06,-8.2054258e-06,-8.196939799999999e-06,-8.2007236e-06,-8.199448599999999e-06,-8.184927e-06,-8.2146048e-06,-8.221037199999999e-06,-8.222703e-06,-8.2164294e-06,7.447e-06,7.444400000000001e-06,7.445000000000001e-06,7.4458e-06,7.445000000000001e-06,7.445400000000001e-06,7.4464e-06,7.446800000000001e-06,7.4472e-06,7.446599999999999e-06,7.447e-06,7.4474e-06,7.4480000000000005e-06,7.447800000000001e-06,7.447800000000001e-06,7.447800000000001e-06,7.449e-06,7.4480000000000005e-06,7.449400000000001e-06,7.449e-06,7.4486e-06,7.450400000000001e-06,7.4502e-06,7.449e-06,7.449e-06,7.4480000000000005e-06,7.449e-06,7.448199999999999e-06,7.45e-06,7.45e-06,7.45e-06,7.451000000000001e-06,7.451000000000001e-06,7.4516e-06,7.451000000000001e-06,7.450800000000001e-06,7.450400000000001e-06,7.4516e-06,7.4518e-06,7.451000000000001e-06,7.4518e-06,7.4502e-06,7.452000000000001e-06,7.452000000000001e-06,7.452000000000001e-06,7.4516e-06,7.4516e-06,7.4530000000000005e-06,7.4524e-06,7.454e-06,7.4532e-06,7.4538e-06,7.452000000000001e-06,7.4528e-06,7.452600000000001e-06,7.4528e-06,7.4534e-06,7.4530000000000005e-06,7.454e-06,7.4528e-06,7.4532e-06,7.454e-06,7.4534e-06,7.4530000000000005e-06,7.4526e-06,7.4534000000000005e-06,7.455000000000001e-06,7.454e-06,7.454800000000001e-06,7.4538e-06,7.4544e-06,7.454800000000001e-06,7.4542e-06,7.456e-06,7.455200000000001e-06,7.4558000000000015e-06,7.454e-06,7.4538e-06,7.455000000000001e-06,7.455200000000001e-06,7.4542e-06,7.455000000000001e-06,7.453599999999999e-06,7.454600000000001e-06,7.4542e-06,7.4544e-06,7.455000000000001e-06,7.455600000000001e-06,7.4554000000000015e-06,7.456e-06,7.455200000000001e-06,7.454600000000001e-06,7.454e-06,7.455000000000001e-06,7.4566e-06,7.4544e-06,7.456e-06,7.456e-06,7.4572e-06,7.455000000000001e-06,-8.236630676000004e-06,4.177135984647434e-08,7.451819999999998e-06,3.1341069322258804e-09
21.4375,7.0,-8.5115536e-06,-8.5457742e-06,-8.544782999999998e-06,-8.5289648e-06,-8.285995200000001e-06,-8.521981199999999e-06,-8.524630400000002e-06,-8.492923000000001e-06,-8.513037999999999e-06,-8.4952966e-06,-8.533851399999999e-06,-8.5210594e-06,-8.5272774e-06,-8.4158118e-06,-8.42765e-06,-8.489223e-06,-8.4753994e-06,-8.481062000000002e-06,-8.5081334e-06,-8.508817e-06,-8.502542600000002e-06,-8.4987506e-06,-8.5073522e-06,-8.517700600000001e-06,-8.511655e-06,-8.4986996e-06,-8.4976802e-06,-8.481313e-06,-8.486034400000001e-06,-8.473706e-06,-8.4903626e-06,-8.490925199999999e-06,-8.4744784e-06,-8.477883799999999e-06,-8.4634108e-06,-8.464769599999999e-06,-8.5016288e-06,-8.483117200000002e-06,-8.4481258e-06,-8.45053e-06,-8.4600696e-06,-8.4578928e-06,-8.487563200000002e-06,-8.493829799999999e-06,-8.4824628e-06,-8.498179799999998e-06,-8.4620424e-06,-8.4795094e-06,-8.507696799999998e-06,-8.5055666e-06,-8.430464800000001e-06,-8.505032600000001e-06,-8.4809332e-06,-8.4961458e-06,-8.4635966e-06,-8.479591400000001e-06,-8.2608684e-06,-8.494524200000002e-06,-8.472424e-06,-8.4510706e-06,-8.470093400000001e-06,-8.4887206e-06,-8.4802346e-06,-8.492194200000002e-06,-8.4448172e-06,-8.4890524e-06,-8.4908676e-06,-8.4830434e-06,-8.4824974e-06,-8.4829676e-06,-8.487834e-06,-8.483834600000001e-06,-8.4889602e-06,-8.4881516e-06,-8.478326e-06,-8.467959e-06,-8.462801399999999e-06,-8.441320800000001e-06,-8.453745400000001e-06,-8.465978e-06,-8.4541564e-06,-8.451648e-06,-8.4256738e-06,-8.4129028e-06,-8.4084672e-06,-8.4218628e-06,-8.406306000000001e-06,-8.4016698e-06,-8.4408042e-06,-8.4160398e-06,-8.434343199999999e-06,-8.434607200000001e-06,-8.426897199999999e-06,-8.4319966e-06,-8.4286984e-06,-8.4132444e-06,-8.4427718e-06,-8.451405800000002e-06,-8.4574012e-06,-8.4481734e-06,7.445000000000001e-06,7.445000000000001e-06,7.4454e-06,7.4468e-06,7.445000000000001e-06,7.445000000000001e-06,7.4468e-06,7.446e-06,7.447e-06,7.446e-06,7.447e-06,7.4474e-06,7.447800000000001e-06,7.4474e-06,7.4480000000000005e-06,7.447e-06,7.4480000000000005e-06,7.4480000000000005e-06,7.448800000000001e-06,7.449e-06,7.449e-06,7.45e-06,7.449200000000001e-06,7.449400000000001e-06,7.449e-06,7.4480000000000005e-06,7.449e-06,7.449200000000001e-06,7.449400000000001e-06,7.451000000000001e-06,7.45e-06,7.45e-06,7.451000000000001e-06,7.451400000000001e-06,7.4502e-06,7.4506e-06,7.45e-06,7.451400000000001e-06,7.4516e-06,7.451000000000001e-06,7.450400000000001e-06,7.4516e-06,7.452000000000001e-06,7.4516e-06,7.4516e-06,7.452000000000001e-06,7.451000000000001e-06,7.4532e-06,7.4534e-06,7.4538e-06,7.4542e-06,7.454e-06,7.4530000000000005e-06,7.4530000000000005e-06,7.4530000000000005e-06,7.452000000000001e-06,7.4532e-06,7.453599999999999e-06,7.4538e-06,7.4532e-06,7.453599999999999e-06,7.454e-06,7.452000000000001e-06,7.4530000000000005e-06,7.4530000000000005e-06,7.452200000000001e-06,7.4542e-06,7.454600000000001e-06,7.454600000000001e-06,7.453199999999999e-06,7.454600000000001e-06,7.454800000000001e-06,7.454800000000001e-06,7.4554000000000015e-06,7.455800000000001e-06,7.4554000000000015e-06,7.454e-06,7.4544e-06,7.455000000000001e-06,7.456200000000001e-06,7.454800000000001e-06,7.454800000000001e-06,7.454600000000001e-06,7.455000000000001e-06,7.4544e-06,7.455000000000001e-06,7.456e-06,7.456e-06,7.455000000000001e-06,7.456200000000001e-06,7.455000000000001e-06,7.455000000000001e-06,7.454e-06,7.455200000000001e-06,7.456e-06,7.455000000000001e-06,7.455000000000001e-06,7.456e-06,7.4567999999999995e-06,7.455000000000001e-06,-8.470758253999999e-06,4.3234889455426015e-08,7.451799999999999e-06,3.235285258995097e-09
18.375,6.0,-8.754585199999998e-06,-8.7794724e-06,-8.7769462e-06,-8.7617628e-06,-8.520247399999998e-06,-8.756877600000001e-06,-8.7560356e-06,-8.724892800000001e-06,-8.7431362e-06,-8.724268e-06,-8.7643458e-06,-8.748644e-06,-8.7574912e-06,-8.6413832e-06,-8.659887000000001e-06,-8.7172536e-06,-8.701837400000001e-06,-8.706999400000002e-06,-8.7385658e-06,-8.7366982e-06,-8.7287618e-06,-8.726245e-06,-8.7370992e-06,-8.743041e-06,-8.7410216e-06,-8.7262024e-06,-8.7200274e-06,-8.7071456e-06,-8.7131216e-06,-8.6943874e-06,-8.719848599999998e-06,-8.716738999999999e-06,-8.7005478e-06,-8.7058902e-06,-8.6902108e-06,-8.691051600000001e-06,-8.7351238e-06,-8.712056e-06,-8.6746218e-06,-8.6788526e-06,-8.688269400000001e-06,-8.6856034e-06,-8.715898e-06,-8.722004e-06,-8.7128678e-06,-8.7268422e-06,-8.689544e-06,-8.7099788e-06,-8.7357368e-06,-8.7329928e-06,-8.6582554e-06,-8.7304496e-06,-8.7102024e-06,-8.723345e-06,-8.6937184e-06,-8.706572000000002e-06,-8.5020456e-06,-8.726766200000001e-06,-8.7003218e-06,-8.6792628e-06,-8.697229800000001e-06,-8.7200078e-06,-8.710625999999999e-06,-8.723438399999999e-06,-8.672211000000002e-06,-8.7182948e-06,-8.720409400000001e-06,-8.7149242e-06,-8.7114422e-06,-8.7157008e-06,-8.716474999999999e-06,-8.7169966e-06,-8.718277400000001e-06,-8.719175200000001e-06,-8.708583400000002e-06,-8.6990378e-06,-8.688443e-06,-8.670928399999998e-06,-8.6838586e-06,-8.696278400000001e-06,-8.6834086e-06,-8.678426999999999e-06,-8.6528876e-06,-8.6444408e-06,-8.6347004e-06,-8.6474768e-06,-8.635193399999999e-06,-8.630617400000001e-06,-8.6676198e-06,-8.6422818e-06,-8.662884399999999e-06,-8.6598566e-06,-8.6586708e-06,-8.662881399999999e-06,-8.657417200000001e-06,-8.644613e-06,-8.672860600000002e-06,-8.6828822e-06,-8.685011199999999e-06,-8.677534199999999e-06,7.4458e-06,7.4454e-06,7.445200000000001e-06,7.446199999999999e-06,7.4458e-06,7.444400000000001e-06,7.447e-06,7.446e-06,7.447800000000001e-06,7.446e-06,7.447e-06,7.4476000000000005e-06,7.448200000000001e-06,7.448200000000001e-06,7.4486e-06,7.4480000000000005e-06,7.4484e-06,7.447800000000001e-06,7.449e-06,7.45e-06,7.4484e-06,7.450800000000001e-06,7.4506e-06,7.447800000000001e-06,7.449400000000001e-06,7.4476000000000005e-06,7.45e-06,7.45e-06,7.449400000000001e-06,7.449e-06,7.45e-06,7.45e-06,7.4506e-06,7.4516e-06,7.4512e-06,7.451000000000001e-06,7.4506e-06,7.451000000000001e-06,7.451000000000001e-06,7.450400000000001e-06,7.450400000000001e-06,7.451400000000001e-06,7.4518e-06,7.4518e-06,7.451400000000001e-06,7.452400000000001e-06,7.451000000000001e-06,7.454e-06,7.452400000000001e-06,7.454e-06,7.4538e-06,7.454e-06,7.4530000000000005e-06,7.452200000000001e-06,7.453599999999999e-06,7.4530000000000005e-06,7.453599999999999e-06,7.454e-06,7.4534000000000005e-06,7.455000000000001e-06,7.453199999999999e-06,7.4538e-06,7.4530000000000005e-06,7.4530000000000005e-06,7.4530000000000005e-06,7.454e-06,7.454800000000001e-06,7.455000000000001e-06,7.4542e-06,7.4532e-06,7.455200000000001e-06,7.454800000000001e-06,7.454800000000001e-06,7.454800000000001e-06,7.456e-06,7.456400000000001e-06,7.4544e-06,7.454e-06,7.4556e-06,7.456e-06,7.455800000000001e-06,7.4554000000000015e-06,7.4542e-06,7.454e-06,7.453599999999999e-06,7.455000000000001e-06,7.456e-06,7.456199999999999e-06,7.456e-06,7.456200000000001e-06,7.455000000000001e-06,7.455200000000001e-06,7.454e-06,7.455000000000001e-06,7.454e-06,7.455000000000001e-06,7.455000000000001e-06,7.457e-06,7.457e-06,7.455000000000001e-06,-8.699880048000003e-06,4.301628252113231e-08,7.451927999999996e-06,3.226095616886286e-09
15.3125,5.0,-9.0915828e-06,-9.1271482e-06,-9.1182234e-06,-9.0987692e-06,-8.75193e-06,-9.100636e-06,-9.0968392e-06,-9.0654328e-06,-9.082529199999999e-06,-9.0637344e-06,-9.0953104e-06,-9.085112400000001e-06,-9.092332600000002e-06,-8.976569400000001e-06,-8.9948576e-06,-9.055515e-06,-9.0370538e-06,-9.0458784e-06,-9.0782878e-06,-9.075241200000001e-06,-9.0692406e-06,-9.0670772e-06,-9.073462e-06,-9.084911600000001e-06,-9.082737e-06,-9.0690484e-06,-9.058806599999998e-06,-9.0449806e-06,-9.053268799999999e-06,-9.036457600000001e-06,-9.061091799999999e-06,-9.056902600000001e-06,-9.038216e-06,-9.044231999999998e-06,-9.028002000000001e-06,-9.028063600000001e-06,-9.071482000000002e-06,-9.0504484e-06,-9.0130432e-06,-9.014063999999999e-06,-9.027152399999999e-06,-9.0198766e-06,-9.052074e-06,-9.0621244e-06,-9.0511418e-06,-9.0642414e-06,-9.021138400000001e-06,-8.999050800000001e-06,-9.0764992e-06,-9.074366799999999e-06,-8.9956516e-06,-9.068541799999998e-06,-9.051358999999999e-06,-9.059780200000001e-06,-9.0300402e-06,-9.044527e-06,-8.731602e-06,-9.0657076e-06,-9.037430200000001e-06,-9.0201214e-06,-9.0360826e-06,-9.060064e-06,-9.048128399999999e-06,-9.0594436e-06,-9.0091948e-06,-9.0566946e-06,-9.0586558e-06,-9.055989399999999e-06,-9.0512096e-06,-9.055062599999998e-06,-9.0547502e-06,-9.054866399999999e-06,-9.0538234e-06,-9.059655e-06,-9.0477576e-06,-9.034938799999999e-06,-9.0278802e-06,-9.008184799999999e-06,-9.018252e-06,-9.0346118e-06,-9.0216972e-06,-9.0191528e-06,-8.9899942e-06,-8.9792278e-06,-8.971488399999999e-06,-8.984174600000001e-06,-8.967821e-06,-8.965117e-06,-9.002259400000001e-06,-8.980290800000002e-06,-8.998882e-06,-9.0013802e-06,-8.994029600000001e-06,-8.998463e-06,-8.9939818e-06,-8.9806276e-06,-9.010640199999999e-06,-9.021676999999999e-06,-9.022733200000001e-06,-9.015686599999999e-06,7.446e-06,7.4455999999999995e-06,7.446e-06,7.446599999999999e-06,7.446e-06,7.445000000000001e-06,7.446e-06,7.447e-06,7.447e-06,7.447e-06,7.447e-06,7.447e-06,7.448200000000001e-06,7.4480000000000005e-06,7.448199999999999e-06,7.448199999999999e-06,7.449e-06,7.448199999999999e-06,7.449200000000001e-06,7.4506e-06,7.4480000000000005e-06,7.45e-06,7.45e-06,7.449e-06,7.4486e-06,7.4486e-06,7.448800000000001e-06,7.449e-06,7.4486e-06,7.448400000000001e-06,7.450400000000001e-06,7.451000000000001e-06,7.451400000000001e-06,7.452000000000001e-06,7.451000000000001e-06,7.451000000000001e-06,7.45e-06,7.4518e-06,7.452000000000001e-06,7.451000000000001e-06,7.451000000000001e-06,7.450800000000001e-06,7.451000000000001e-06,7.452000000000001e-06,7.4516e-06,7.452600000000001e-06,7.451000000000001e-06,7.4530000000000005e-06,7.4530000000000005e-06,7.452600000000001e-06,7.454e-06,7.453599999999999e-06,7.4530000000000005e-06,7.451400000000001e-06,7.4530000000000005e-06,7.452000000000001e-06,7.453599999999999e-06,7.454e-06,7.4538e-06,7.455000000000001e-06,7.452000000000001e-06,7.4528e-06,7.452000000000001e-06,7.4530000000000005e-06,7.452600000000001e-06,7.4530000000000005e-06,7.454e-06,7.455000000000001e-06,7.455000000000001e-06,7.4534e-06,7.4542e-06,7.454800000000001e-06,7.454e-06,7.455000000000001e-06,7.456e-06,7.455800000000001e-06,7.455000000000001e-06,7.454800000000001e-06,7.455600000000001e-06,7.456e-06,7.455800000000001e-06,7.455600000000001e-06,7.4544e-06,7.454e-06,7.4538e-06,7.454e-06,7.455600000000001e-06,7.456e-06,7.456e-06,7.456e-06,7.455000000000001e-06,7.455000000000001e-06,7.4542e-06,7.4542e-06,7.4544e-06,7.454600000000001e-06,7.455000000000001e-06,7.4572e-06,7.4572e-06,7.455800000000001e-06,-9.035355166e-06,5.469510950413697e-08,7.451861999999994e-06,3.1408285595372185e-09
12.25,4.0,-9.4384018e-06,-9.442693400000001e-06,-9.431736800000001e-06,-9.410184200000001e-06,-9.090055800000001e-06,-9.3901162e-06,-9.380129799999999e-06,-9.370512e-06,-9.3998684e-06,-9.364727799999999e-06,-9.4178376e-06,-9.395282399999998e-06,-9.4038056e-06,-9.3086798e-06,-9.3595292e-06,-9.363657e-06,-9.3338666e-06,-9.3590974e-06,-9.391558e-06,-9.3837222e-06,-9.379441999999999e-06,-9.3723028e-06,-9.3975372e-06,-9.400740399999999e-06,-9.3938666e-06,-9.3829972e-06,-9.376435799999999e-06,-9.359455200000001e-06,-9.3738512e-06,-9.357018400000001e-06,-9.390853200000001e-06,-9.359536799999999e-06,-9.3538314e-06,-9.3558212e-06,-9.3427508e-06,-9.3454084e-06,-9.3964988e-06,-9.369179e-06,-9.3310772e-06,-9.3292246e-06,-9.3461872e-06,-9.3383476e-06,-9.3678252e-06,-9.3772586e-06,-9.3706344e-06,-9.392037799999998e-06,-9.342583e-06,-9.3558738e-06,-9.401827000000001e-06,-9.394246600000001e-06,-9.3294864e-06,-9.393348600000001e-06,-9.3736994e-06,-9.3914636e-06,-9.372140399999999e-06,-9.367131e-06,-9.0690254e-06,-9.398696000000001e-06,-9.360184799999998e-06,-9.3549156e-06,-9.3476144e-06,-9.3823882e-06,-9.375050799999999e-06,-9.383848400000001e-06,-9.339614599999999e-06,-9.382531e-06,-9.381271000000002e-06,-9.388749e-06,-9.374300399999999e-06,-9.3794316e-06,-9.378149999999998e-06,-9.382035400000001e-06,-9.3793058e-06,-9.380480600000001e-06,-9.368119e-06,-9.334719199999999e-06,-9.3607002e-06,-9.328903400000001e-06,-9.3321224e-06,-9.3577392e-06,-9.343549e-06,-9.336589999999999e-06,-9.316534999999999e-06,-9.292094600000002e-06,-9.2808518e-06,-9.29501e-06,-9.2874286e-06,-9.2756494e-06,-9.321461600000002e-06,-9.2792134e-06,-9.320746400000001e-06,-9.3193986e-06,-9.3121952e-06,-9.317267e-06,-9.3191718e-06,-9.323813200000001e-06,-9.326608800000001e-06,-9.333474600000002e-06,-9.344388199999999e-06,-9.341942399999999e-06,7.445200000000001e-06,7.445200000000001e-06,7.446e-06,7.446800000000001e-06,7.445000000000001e-06,7.446e-06,7.447e-06,7.446e-06,7.4472e-06,7.446800000000001e-06,7.4468e-06,7.447e-06,7.447800000000001e-06,7.448200000000001e-06,7.448800000000001e-06,7.4484e-06,7.447800000000001e-06,7.448e-06,7.4506e-06,7.45e-06,7.449e-06,7.4500000000000015e-06,7.45e-06,7.4496e-06,7.4486e-06,7.4480000000000005e-06,7.450400000000001e-06,7.449e-06,7.45e-06,7.449e-06,7.45e-06,7.4518e-06,7.452000000000001e-06,7.452200000000001e-06,7.452000000000001e-06,7.450400000000001e-06,7.449400000000001e-06,7.452000000000001e-06,7.4518e-06,7.450800000000001e-06,7.451400000000001e-06,7.4506e-06,7.451000000000001e-06,7.452400000000001e-06,7.4516e-06,7.452000000000001e-06,7.451000000000001e-06,7.4534000000000005e-06,7.4530000000000005e-06,7.4530000000000005e-06,7.453599999999999e-06,7.4534e-06,7.4530000000000005e-06,7.4526e-06,7.453599999999999e-06,7.452600000000001e-06,7.452000000000001e-06,7.454e-06,7.4538e-06,7.453599999999999e-06,7.4528e-06,7.454e-06,7.452400000000001e-06,7.4530000000000005e-06,7.4530000000000005e-06,7.453599999999999e-06,7.4530000000000005e-06,7.4556e-06,7.4554000000000015e-06,7.454e-06,7.454600000000001e-06,7.4544e-06,7.454e-06,7.455000000000001e-06,7.4566e-06,7.456400000000001e-06,7.455600000000001e-06,7.455000000000001e-06,7.455200000000001e-06,7.456e-06,7.455200000000001e-06,7.455800000000001e-06,7.455000000000001e-06,7.453599999999999e-06,7.454e-06,7.454e-06,7.4558000000000015e-06,7.456e-06,7.455000000000001e-06,7.456400000000001e-06,7.456e-06,7.454800000000001e-06,7.454e-06,7.456e-06,7.456e-06,7.455000000000001e-06,7.456200000000001e-06,7.457e-06,7.456e-06,7.456e-06,-9.355246668000002e-06,5.22550405363649e-08,7.4519959999999965e-06,3.20214322167531e-09
9.1875,3.0,-9.9587818e-06,-9.9294194e-06,-9.964636e-06,-9.9315112e-06,-9.3979276e-06,-9.947517799999999e-06,-9.8628582e-06,-9.874437399999999e-06,-9.9383316e-06,-9.9162224e-06,-9.9407812e-06,-9.916281e-06,-9.8839396e-06,-9.882255399999999e-06,-9.883015799999999e-06,-9.883248e-06,-9.8442864e-06,-9.8826102e-06,-9.9222532e-06,-9.915252599999998e-06,-9.9198816e-06,-9.9282798e-06,-9.914949200000001e-06,-9.925324599999998e-06,-9.9191822e-06,-9.8996562e-06,-9.8993516e-06,-9.885873599999999e-06,-9.874694199999999e-06,-9.9008556e-06,-9.899770399999999e-06,-9.895034600000002e-06,-9.8842186e-06,-9.888607999999999e-06,-9.85793e-06,-9.8793482e-06,-9.869168799999999e-06,-9.8927716e-06,-9.8402308e-06,-9.8559068e-06,-9.8546898e-06,-9.819169999999999e-06,-9.872352e-06,-9.8581242e-06,-9.878168e-06,-9.885951199999999e-06,-9.8849454e-06,-9.8923208e-06,-9.899538800000003e-06,-9.832317e-06,-9.9075394e-06,-9.9107154e-06,-9.9171178e-06,-9.903267e-06,-9.8909776e-06,-9.8912832e-06,-9.3931784e-06,-9.9153314e-06,-9.8873802e-06,-9.89028e-06,-9.8896742e-06,-9.8407402e-06,-9.892675199999999e-06,-9.869686400000001e-06,-9.869601e-06,-9.8784166e-06,-9.877774000000001e-06,-9.8820434e-06,-9.8815226e-06,-9.8890888e-06,-9.8812384e-06,-9.8695856e-06,-9.88268e-06,-9.890157200000001e-06,-9.8719798e-06,-9.864953999999999e-06,-9.8645122e-06,-9.846083e-06,-9.8720964e-06,-9.876443e-06,-9.8625272e-06,-9.8604798e-06,-9.8383968e-06,-9.8216778e-06,-9.808351200000002e-06,-9.804051999999999e-06,-9.7862988e-06,-9.782495799999999e-06,-9.807517e-06,-9.834106200000001e-06,-9.829775199999998e-06,-9.8298772e-06,-9.8226562e-06,-9.8295184e-06,-9.823215999999998e-06,-9.834496400000001e-06,-9.840385800000002e-06,-9.855315600000001e-06,-9.8486688e-06,-9.847027999999999e-06,7.4458e-06,7.445000000000001e-06,7.445200000000001e-06,7.446e-06,7.445200000000001e-06,7.444000000000001e-06,7.4454e-06,7.446800000000001e-06,7.446e-06,7.447e-06,7.446800000000001e-06,7.447e-06,7.4484e-06,7.449e-06,7.449e-06,7.4468e-06,7.4486e-06,7.4476000000000005e-06,7.449800000000001e-06,7.449e-06,7.448199999999999e-06,7.451000000000001e-06,7.449400000000001e-06,7.449400000000001e-06,7.448800000000001e-06,7.449e-06,7.45e-06,7.449400000000001e-06,7.45e-06,7.45e-06,7.450400000000001e-06,7.451400000000001e-06,7.451200000000002e-06,7.4518e-06,7.4518e-06,7.4516e-06,7.4502e-06,7.451400000000001e-06,7.4524e-06,7.450400000000001e-06,7.451400000000001e-06,7.451000000000001e-06,7.451000000000001e-06,7.4526e-06,7.452200000000001e-06,7.4528e-06,7.451000000000001e-06,7.4534e-06,7.452400000000001e-06,7.453599999999999e-06,7.454e-06,7.4534e-06,7.4532e-06,7.452000000000001e-06,7.453599999999999e-06,7.452400000000001e-06,7.4526e-06,7.454e-06,7.453599999999999e-06,7.4544e-06,7.4530000000000005e-06,7.454e-06,7.4528e-06,7.453599999999999e-06,7.4538e-06,7.4530000000000005e-06,7.454e-06,7.455200000000001e-06,7.453599999999999e-06,7.454600000000001e-06,7.4542e-06,7.455000000000001e-06,7.454600000000001e-06,7.455000000000001e-06,7.455800000000001e-06,7.456e-06,7.455000000000001e-06,7.4542e-06,7.454800000000001e-06,7.456e-06,7.455000000000001e-06,7.455000000000001e-06,7.454e-06,7.4530000000000005e-06,7.455000000000001e-06,7.455000000000001e-06,7.455000000000001e-06,7.455200000000001e-06,7.455000000000001e-06,7.456400000000001e-06,7.456e-06,7.455200000000001e-06,7.454e-06,7.4563999999999995e-06,7.455000000000001e-06,7.454800000000001e-06,7.455600000000001e-06,7.457799999999999e-06,7.457e-06,7.455000000000001e-06,-9.867490430000004e-06,7.684988982659041e-08,7.451944e-06,3.247884159749397e-09
6.125,2.0,-1.0576511999999999e-05,-1.0537795999999998e-05,-1.0567562e-05,-1.052508e-05,-9.9352948e-06,-1.0482096000000002e-05,-1.046197e-05,-1.0447461999999999e-05,-1.0539742000000002e-05,-1.051681e-05,-1.0522564e-05,-1.0498908e-05,-1.0460987999999999e-05,-1.0483552000000001e-05,-1.043534e-05,-1.0485646e-05,-1.0454417999999999e-05,-1.0466906e-05,-1.0540931999999999e-05,-1.0515524e-05,-1.0526248000000002e-05,-1.0496105999999999e-05,-1.0516678e-05,-1.0528941999999998e-05,-1.0516529999999999e-05,-1.0522396e-05,-1.0470031999999999e-05,-1.049704e-05,-1.0467734000000001e-05,-1.0493682e-05,-1.0509146e-05,-1.050101e-05,-1.0491617999999999e-05,-1.0496414e-05,-1.0470274e-05,-1.0485108e-05,-1.0440172e-05,-1.0493640000000002e-05,-1.0441325999999999e-05,-1.0459162e-05,-1.046491e-05,-1.0428712e-05,-1.0429754e-05,-1.0411568000000001e-05,-1.0482339999999999e-05,-1.045921e-05,-1.0499216e-05,-1.0500932e-05,-1.0500909999999999e-05,-1.0420519999999998e-05,-1.0515124e-05,-1.0514324e-05,-1.0518232e-05,-1.0511496e-05,-1.0494464e-05,-1.0447843999999999e-05,-9.9117192e-06,-1.050575e-05,-1.0503938e-05,-1.0493634e-05,-1.0495479999999998e-05,-1.0446376e-05,-1.0473511999999998e-05,-1.0503466e-05,-1.0460413999999999e-05,-1.0468696e-05,-1.0478210000000001e-05,-1.0487736e-05,-1.0484378e-05,-1.0494388000000001e-05,-1.0476724e-05,-1.0492206e-05,-1.0485656e-05,-1.0490272e-05,-1.0473778000000001e-05,-1.0480086e-05,-1.0466814e-05,-1.0441108000000001e-05,-1.0456103999999999e-05,-1.0469026e-05,-1.0456766000000002e-05,-1.0456548e-05,-1.043356e-05,-1.0390684000000002e-05,-1.0398406e-05,-1.0394984e-05,-1.0378023999999999e-05,-1.038631e-05,-1.0408136000000001e-05,-1.0427556e-05,-1.0424568000000001e-05,-1.0425992e-05,-1.0420685999999998e-05,-1.0423604e-05,-1.0420575999999999e-05,-1.0444868e-05,-1.0437468e-05,-1.0451668e-05,-1.044589e-05,-1.0455532e-05,7.445000000000001e-06,7.445000000000001e-06,7.446e-06,7.446e-06,7.4455999999999995e-06,7.4454e-06,7.446e-06,7.4468e-06,7.4468e-06,7.447e-06,7.4476000000000005e-06,7.4476000000000005e-06,7.449e-06,7.4498e-06,7.448199999999999e-06,7.4480000000000005e-06,7.4474e-06,7.4480000000000005e-06,7.45e-06,7.4498e-06,7.4498e-06,7.451000000000001e-06,7.45e-06,7.449e-06,7.449200000000001e-06,7.45e-06,7.45e-06,7.449600000000001e-06,7.45e-06,7.449e-06,7.451000000000001e-06,7.4518e-06,7.451200000000002e-06,7.4516e-06,7.4512e-06,7.451000000000001e-06,7.450400000000001e-06,7.4516e-06,7.451000000000001e-06,7.449400000000001e-06,7.452400000000001e-06,7.450800000000001e-06,7.4512e-06,7.452600000000001e-06,7.452000000000001e-06,7.451200000000002e-06,7.4516e-06,7.454e-06,7.452000000000001e-06,7.4534e-06,7.4534e-06,7.454e-06,7.453199999999999e-06,7.454e-06,7.4534000000000005e-06,7.4528e-06,7.4530000000000005e-06,7.4538e-06,7.4558000000000015e-06,7.4544e-06,7.4528e-06,7.4538e-06,7.4530000000000005e-06,7.4542e-06,7.4534000000000005e-06,7.4530000000000005e-06,7.4534e-06,7.4554000000000015e-06,7.455000000000001e-06,7.454800000000001e-06,7.4544e-06,7.455000000000001e-06,7.455000000000001e-06,7.455000000000001e-06,7.454600000000001e-06,7.455600000000001e-06,7.4544e-06,7.4544e-06,7.455800000000001e-06,7.456e-06,7.454e-06,7.456e-06,7.455000000000001e-06,7.454e-06,7.454e-06,7.455200000000001e-06,7.456e-06,7.455600000000001e-06,7.456200000000001e-06,7.455000000000001e-06,7.456199999999999e-06,7.455000000000001e-06,7.454e-06,7.456e-06,7.455000000000001e-06,7.454800000000001e-06,7.456e-06,7.457e-06,7.457e-06,7.456e-06,-1.046299214e-05,8.689920375602708e-08,7.4520879999999965e-06,3.1763418384594395e-09
3.0625,1.0,-1.1298566000000001e-05,-1.1234296e-05,-1.1274256e-05,-1.1228179999999999e-05,-1.0533966e-05,-1.118806e-05,-1.1186344e-05,-1.113794e-05,-1.1246664e-05,-1.1218611999999999e-05,-1.1209339999999999e-05,-1.1204218000000001e-05,-1.1183031999999999e-05,-1.1164428000000001e-05,-1.1130140000000001e-05,-1.1186654e-05,-1.1105398000000002e-05,-1.117193e-05,-1.124578e-05,-1.1223166000000002e-05,-1.1234444e-05,-1.1182218e-05,-1.1230406e-05,-1.1239102e-05,-1.1229462e-05,-1.123377e-05,-1.1185632e-05,-1.1213264000000001e-05,-1.116823e-05,-1.1201720000000001e-05,-1.1211700000000001e-05,-1.121076e-05,-1.120691e-05,-1.1208475999999999e-05,-1.1177436000000001e-05,-1.1189649999999999e-05,-1.1134202e-05,-1.1210822e-05,-1.115393e-05,-1.116383e-05,-1.1167547999999999e-05,-1.1107032e-05,-1.1130502e-05,-1.1109174000000001e-05,-1.1190888e-05,-1.1111132e-05,-1.1210046e-05,-1.1202934e-05,-1.1211738e-05,-1.1121802000000001e-05,-1.1223532e-05,-1.1224002000000002e-05,-1.1227756e-05,-1.1216385999999998e-05,-1.1198908e-05,-1.1137114e-05,-1.0437042e-05,-1.1215802e-05,-1.1172576e-05,-1.1190092e-05,-1.1203004e-05,-1.1152932e-05,-1.1149468e-05,-1.1209799999999999e-05,-1.1165302e-05,-1.1174358e-05,-1.1184199999999999e-05,-1.1196139999999999e-05,-1.1191604e-05,-1.1199368e-05,-1.1181238e-05,-1.1195264000000001e-05,-1.1187976e-05,-1.119652e-05,-1.117396e-05,-1.116846e-05,-1.1169298000000001e-05,-1.1141097999999999e-05,-1.1153129999999999e-05,-1.1160954000000001e-05,-1.1157338e-05,-1.1159780000000001e-05,-1.1135755999999999e-05,-1.109065e-05,-1.1094262000000001e-05,-1.1096422000000001e-05,-1.107432e-05,-1.1086454e-05,-1.1106172e-05,-1.1132378e-05,-1.1125087999999998e-05,-1.1129092000000001e-05,-1.1121727999999999e-05,-1.1122767999999999e-05,-1.1119302000000001e-05,-1.1146016e-05,-1.1140714000000002e-05,-1.1153694000000002e-05,-1.1147001999999999e-05,-1.1162970000000001e-05,7.445000000000001e-06,7.444000000000001e-06,7.445200000000001e-06,7.446e-06,7.4458e-06,7.444000000000001e-06,7.446599999999999e-06,7.446e-06,7.4454e-06,7.446800000000001e-06,7.447e-06,7.4476000000000005e-06,7.4486e-06,7.449e-06,7.4474e-06,7.4472e-06,7.448800000000001e-06,7.4484e-06,7.449e-06,7.449e-06,7.449400000000001e-06,7.449400000000001e-06,7.449e-06,7.448199999999999e-06,7.4486e-06,7.448800000000001e-06,7.4486e-06,7.4486e-06,7.449e-06,7.449e-06,7.45e-06,7.451200000000002e-06,7.451000000000001e-06,7.452000000000001e-06,7.451000000000001e-06,7.4518e-06,7.450400000000001e-06,7.4518e-06,7.451000000000001e-06,7.449400000000001e-06,7.4516e-06,7.4506e-06,7.4518e-06,7.452200000000001e-06,7.4518e-06,7.452000000000001e-06,7.4518e-06,7.4530000000000005e-06,7.4526e-06,7.453599999999999e-06,7.4534e-06,7.454e-06,7.452000000000001e-06,7.452000000000001e-06,7.452000000000001e-06,7.4528e-06,7.4530000000000005e-06,7.453599999999999e-06,7.455000000000001e-06,7.4538e-06,7.4530000000000005e-06,7.4534000000000005e-06,7.4530000000000005e-06,7.4542e-06,7.4530000000000005e-06,7.4530000000000005e-06,7.4530000000000005e-06,7.455000000000001e-06,7.454600000000001e-06,7.454600000000001e-06,7.454e-06,7.454e-06,7.455000000000001e-06,7.455000000000001e-06,7.455000000000001e-06,7.454800000000001e-06,7.455000000000001e-06,7.4534000000000005e-06,7.4544e-06,7.456e-06,7.453199999999999e-06,7.455000000000001e-06,7.455000000000001e-06,7.4532e-06,7.4544e-06,7.454e-06,7.456e-06,7.4554000000000015e-06,7.455000000000001e-06,7.456e-06,7.455200000000001e-06,7.456199999999999e-06,7.454e-06,7.4538e-06,7.455000000000001e-06,7.454800000000001e-06,7.456e-06,7.456e-06,7.457e-06,7.456199999999999e-06,-1.1162189199999998e-05,1.0679914894148857e-07,7.451723999999998e-06,3.2432406788596296e-09
0.0,0.0,-1.2202193999999998e-05,-1.2076858000000001e-05,-1.2146698000000001e-05,-1.2086362e-05,-1.1229918e-05,-1.1976446e-05,-1.2037522e-05,-1.2055228e-05,-1.2148602000000001e-05,-1.199201e-05,-1.2023862000000001e-05,-1.2031038000000001e-05,-1.1974106e-05,-1.1955028e-05,-1.1930376e-05,-1.2047042e-05,-1.1963132e-05,-1.2016588e-05,-1.2056178e-05,-1.2054844e-05,-1.2048200000000001e-05,-1.2038968e-05,-1.2056532e-05,-1.2014755999999999e-05,-1.2037032e-05,-1.2046531999999998e-05,-1.2011816e-05,-1.2003072e-05,-1.1973318e-05,-1.2027602e-05,-1.2007972e-05,-1.2006946e-05,-1.199858e-05,-1.2006406e-05,-1.1968828e-05,-1.2003072e-05,-1.1890818e-05,-1.1903878e-05,-1.1852126e-05,-1.1953738000000001e-05,-1.1940678e-05,-1.1917882e-05,-1.1924764e-05,-1.1814964e-05,-1.1852744e-05,-1.1819238000000001e-05,-1.1849386e-05,-1.1853408000000001e-05,-1.1824440000000001e-05,-1.1785132000000001e-05,-1.1883702e-05,-1.1968926000000001e-05,-1.1945346e-05,-1.1963808e-05,-1.2034006e-05,-1.1973372e-05,-1.116588e-05,-1.197906e-05,-1.1990218e-05,-1.2026042000000001e-05,-1.2056262e-05,-1.1975966e-05,-1.2041562000000001e-05,-1.2034066000000001e-05,-1.2041486000000002e-05,-1.1995874e-05,-1.2062523999999999e-05,-1.202031e-05,-1.2066554e-05,-1.2021412e-05,-1.205619e-05,-1.2019909999999999e-05,-1.2066878000000001e-05,-1.2013628000000001e-05,-1.2052175999999999e-05,-1.1993506e-05,-1.2044472e-05,-1.1954272000000002e-05,-1.2027994000000001e-05,-1.1988066000000002e-05,-1.2033841999999998e-05,-1.1981176e-05,-1.2010616e-05,-1.1910552e-05,-1.1988184000000001e-05,-1.1919516e-05,-1.1956651999999999e-05,-1.1894742e-05,-1.1994618e-05,-1.194871e-05,-1.2004838e-05,-1.1949398e-05,-1.2002683999999999e-05,-1.1942054e-05,-1.199882e-05,-1.1966476e-05,-1.1985310000000001e-05,-1.1968892000000001e-05,-1.2017004e-05,-1.1976194000000001e-05,7.4446e-06,7.444800000000002e-06,7.445000000000001e-06,7.4454e-06,7.4458e-06,7.444000000000001e-06,7.447e-06,7.446e-06,7.446e-06,7.446e-06,7.446e-06,7.447e-06,7.448800000000001e-06,7.449200000000001e-06,7.4480000000000005e-06,7.447e-06,7.448199999999999e-06,7.4480000000000005e-06,7.45e-06,7.4480000000000005e-06,7.449200000000001e-06,7.449400000000001e-06,7.449e-06,7.448800000000001e-06,7.448800000000001e-06,7.4486e-06,7.447800000000001e-06,7.448800000000001e-06,7.4496e-06,7.45e-06,7.45e-06,7.451200000000002e-06,7.451000000000001e-06,7.451000000000001e-06,7.450800000000001e-06,7.452000000000001e-06,7.450400000000001e-06,7.451000000000001e-06,7.451000000000001e-06,7.450800000000001e-06,7.4516e-06,7.45e-06,7.450800000000001e-06,7.452400000000001e-06,7.451400000000001e-06,7.452000000000001e-06,7.451400000000001e-06,7.452200000000001e-06,7.4528e-06,7.452400000000001e-06,7.4530000000000005e-06,7.454e-06,7.452000000000001e-06,7.4530000000000005e-06,7.4530000000000005e-06,7.452200000000001e-06,7.4532e-06,7.454600000000001e-06,7.4544e-06,7.454e-06,7.4528e-06,7.4530000000000005e-06,7.453599999999999e-06,7.454e-06,7.4534000000000005e-06,7.452200000000001e-06,7.4534e-06,7.455000000000001e-06,7.4534000000000005e-06,7.4544e-06,7.454e-06,7.4542e-06,7.4530000000000005e-06,7.454e-06,7.454e-06,7.455000000000001e-06,7.454e-06,7.4532e-06,7.454e-06,7.455000000000001e-06,7.454e-06,7.4554000000000015e-06,7.452999999999999e-06,7.4530000000000005e-06,7.4542e-06,7.4544e-06,7.455000000000001e-06,7.453199999999999e-06,7.4556e-06,7.454800000000001e-06,7.4542e-06,7.455200000000001e-06,7.454600000000001e-06,7.455000000000001e-06,7.454e-06,7.454e-06,7.4567999999999995e-06,7.456e-06,7.456400000000001e-06,7.4554000000000015e-06,-1.1973506059999998e-05,1.3186237594712376e-07,7.451542e-06,3.124008691253935e-09
